"Time (UTCG)","Intensity","Beta Angle (deg)"
25 May 2027 10:00:00.000,100.000000,75.468
25 May 2027 10:01:00.000,100.000000,75.467
25 May 2027 10:02:00.000,100.000000,75.467
25 May 2027 10:03:00.000,100.000000,75.466
25 May 2027 10:04:00.000,100.000000,75.465
25 May 2027 10:05:00.000,100.000000,75.465
25 May 2027 10:06:00.000,100.000000,75.464
25 May 2027 10:07:00.000,100.000000,75.463
25 May 2027 10:08:00.000,100.000000,75.463
25 May 2027 10:09:00.000,100.000000,75.462
25 May 2027 10:10:00.000,100.000000,75.461
25 May 2027 10:11:00.000,100.000000,75.461
25 May 2027 10:12:00.000,100.000000,75.460
25 May 2027 10:13:00.000,100.000000,75.459
25 May 2027 10:14:00.000,100.000000,75.459
25 May 2027 10:15:00.000,100.000000,75.458
25 May 2027 10:16:00.000,100.000000,75.457
25 May 2027 10:17:00.000,100.000000,75.457
25 May 2027 10:18:00.000,100.000000,75.456
25 May 2027 10:19:00.000,100.000000,75.455
25 May 2027 10:20:00.000,100.000000,75.455
25 May 2027 10:21:00.000,100.000000,75.454
25 May 2027 10:22:00.000,100.000000,75.453
25 May 2027 10:23:00.000,100.000000,75.453
25 May 2027 10:24:00.000,100.000000,75.452
25 May 2027 10:25:00.000,100.000000,75.451
25 May 2027 10:26:00.000,100.000000,75.451
25 May 2027 10:27:00.000,100.000000,75.450
25 May 2027 10:28:00.000,100.000000,75.449
25 May 2027 10:29:00.000,100.000000,75.449
25 May 2027 10:30:00.000,100.000000,75.448
25 May 2027 10:31:00.000,100.000000,75.447
25 May 2027 10:32:00.000,100.000000,75.447
25 May 2027 10:33:00.000,100.000000,75.446
25 May 2027 10:34:00.000,100.000000,75.445
25 May 2027 10:35:00.000,100.000000,75.445
25 May 2027 10:36:00.000,100.000000,75.444
25 May 2027 10:37:00.000,100.000000,75.443
25 May 2027 10:38:00.000,100.000000,75.443
25 May 2027 10:39:00.000,100.000000,75.442
25 May 2027 10:40:00.000,100.000000,75.441
25 May 2027 10:41:00.000,100.000000,75.441
25 May 2027 10:42:00.000,100.000000,75.440
25 May 2027 10:43:00.000,100.000000,75.439
25 May 2027 10:44:00.000,100.000000,75.439
25 May 2027 10:45:00.000,100.000000,75.438
25 May 2027 10:46:00.000,100.000000,75.437
25 May 2027 10:47:00.000,100.000000,75.437
25 May 2027 10:48:00.000,100.000000,75.436
25 May 2027 10:49:00.000,100.000000,75.435
25 May 2027 10:50:00.000,100.000000,75.435
25 May 2027 10:51:00.000,100.000000,75.434
25 May 2027 10:52:00.000,100.000000,75.433
25 May 2027 10:53:00.000,100.000000,75.433
25 May 2027 10:54:00.000,100.000000,75.432
25 May 2027 10:55:00.000,100.000000,75.431
25 May 2027 10:56:00.000,100.000000,75.430
25 May 2027 10:57:00.000,100.000000,75.430
25 May 2027 10:58:00.000,100.000000,75.429
25 May 2027 10:59:00.000,100.000000,75.428
25 May 2027 11:00:00.000,100.000000,75.428
25 May 2027 11:01:00.000,100.000000,75.427
25 May 2027 11:02:00.000,100.000000,75.426
25 May 2027 11:03:00.000,100.000000,75.426
25 May 2027 11:04:00.000,100.000000,75.425
25 May 2027 11:05:00.000,100.000000,75.424
25 May 2027 11:06:00.000,100.000000,75.424
25 May 2027 11:07:00.000,100.000000,75.423
25 May 2027 11:08:00.000,100.000000,75.422
25 May 2027 11:09:00.000,100.000000,75.422
25 May 2027 11:10:00.000,100.000000,75.421
25 May 2027 11:11:00.000,100.000000,75.420
25 May 2027 11:12:00.000,100.000000,75.419
25 May 2027 11:13:00.000,100.000000,75.419
25 May 2027 11:14:00.000,100.000000,75.418
25 May 2027 11:15:00.000,100.000000,75.417
25 May 2027 11:16:00.000,100.000000,75.417
25 May 2027 11:17:00.000,100.000000,75.416
25 May 2027 11:18:00.000,100.000000,75.415
25 May 2027 11:19:00.000,100.000000,75.415
25 May 2027 11:20:00.000,100.000000,75.414
25 May 2027 11:21:00.000,100.000000,75.413
25 May 2027 11:22:00.000,100.000000,75.412
25 May 2027 11:23:00.000,100.000000,75.412
25 May 2027 11:24:00.000,100.000000,75.411
25 May 2027 11:25:00.000,100.000000,75.410
25 May 2027 11:26:00.000,100.000000,75.410
25 May 2027 11:27:00.000,100.000000,75.409
25 May 2027 11:28:00.000,100.000000,75.408
25 May 2027 11:29:00.000,100.000000,75.408
25 May 2027 11:30:00.000,100.000000,75.407
25 May 2027 11:31:00.000,100.000000,75.406
25 May 2027 11:32:00.000,100.000000,75.405
25 May 2027 11:33:00.000,100.000000,75.405
25 May 2027 11:34:00.000,100.000000,75.404
25 May 2027 11:35:00.000,100.000000,75.403
25 May 2027 11:36:00.000,100.000000,75.403
25 May 2027 11:37:00.000,100.000000,75.402
25 May 2027 11:38:00.000,100.000000,75.401
25 May 2027 11:39:00.000,100.000000,75.400
25 May 2027 11:40:00.000,100.000000,75.400
25 May 2027 11:41:00.000,100.000000,75.399
25 May 2027 11:42:00.000,100.000000,75.398
25 May 2027 11:43:00.000,100.000000,75.398
25 May 2027 11:44:00.000,100.000000,75.397
25 May 2027 11:45:00.000,100.000000,75.396
25 May 2027 11:46:00.000,100.000000,75.395
25 May 2027 11:47:00.000,100.000000,75.395
25 May 2027 11:48:00.000,100.000000,75.394
25 May 2027 11:49:00.000,100.000000,75.393
25 May 2027 11:50:00.000,100.000000,75.393
25 May 2027 11:51:00.000,100.000000,75.392
25 May 2027 11:52:00.000,100.000000,75.391
25 May 2027 11:53:00.000,100.000000,75.390
25 May 2027 11:54:00.000,100.000000,75.390
25 May 2027 11:55:00.000,100.000000,75.389
25 May 2027 11:56:00.000,100.000000,75.388
25 May 2027 11:57:00.000,100.000000,75.388
25 May 2027 11:58:00.000,100.000000,75.387
25 May 2027 11:59:00.000,100.000000,75.386
25 May 2027 12:00:00.000,100.000000,75.385
25 May 2027 12:01:00.000,100.000000,75.385
25 May 2027 12:02:00.000,100.000000,75.384
25 May 2027 12:03:00.000,100.000000,75.383
25 May 2027 12:04:00.000,100.000000,75.382
25 May 2027 12:05:00.000,100.000000,75.382
25 May 2027 12:06:00.000,100.000000,75.381
25 May 2027 12:07:00.000,100.000000,75.380
25 May 2027 12:08:00.000,100.000000,75.380
25 May 2027 12:09:00.000,100.000000,75.379
25 May 2027 12:10:00.000,100.000000,75.378
25 May 2027 12:11:00.000,100.000000,75.377
25 May 2027 12:12:00.000,100.000000,75.377
25 May 2027 12:13:00.000,100.000000,75.376
25 May 2027 12:14:00.000,100.000000,75.375
25 May 2027 12:15:00.000,100.000000,75.374
25 May 2027 12:16:00.000,100.000000,75.374
25 May 2027 12:17:00.000,100.000000,75.373
25 May 2027 12:18:00.000,100.000000,75.372
25 May 2027 12:19:00.000,100.000000,75.372
25 May 2027 12:20:00.000,100.000000,75.371
25 May 2027 12:21:00.000,100.000000,75.370
25 May 2027 12:22:00.000,100.000000,75.369
25 May 2027 12:23:00.000,100.000000,75.369
25 May 2027 12:24:00.000,100.000000,75.368
25 May 2027 12:25:00.000,100.000000,75.367
25 May 2027 12:26:00.000,100.000000,75.366
25 May 2027 12:27:00.000,100.000000,75.366
25 May 2027 12:28:00.000,100.000000,75.365
25 May 2027 12:29:00.000,100.000000,75.364
25 May 2027 12:30:00.000,100.000000,75.363
25 May 2027 12:31:00.000,100.000000,75.363
25 May 2027 12:32:00.000,100.000000,75.362
25 May 2027 12:33:00.000,100.000000,75.361
25 May 2027 12:34:00.000,100.000000,75.360
25 May 2027 12:35:00.000,100.000000,75.360
25 May 2027 12:36:00.000,100.000000,75.359
25 May 2027 12:37:00.000,100.000000,75.358
25 May 2027 12:38:00.000,100.000000,75.357
25 May 2027 12:39:00.000,100.000000,75.357
25 May 2027 12:40:00.000,100.000000,75.356
25 May 2027 12:41:00.000,100.000000,75.355
25 May 2027 12:42:00.000,100.000000,75.354
25 May 2027 12:43:00.000,100.000000,75.354
25 May 2027 12:44:00.000,100.000000,75.353
25 May 2027 12:45:00.000,100.000000,75.352
25 May 2027 12:46:00.000,100.000000,75.351
25 May 2027 12:47:00.000,100.000000,75.351
25 May 2027 12:48:00.000,100.000000,75.350
25 May 2027 12:49:00.000,100.000000,75.349
25 May 2027 12:50:00.000,100.000000,75.348
25 May 2027 12:51:00.000,100.000000,75.348
25 May 2027 12:52:00.000,100.000000,75.347
25 May 2027 12:53:00.000,100.000000,75.346
25 May 2027 12:54:00.000,100.000000,75.345
25 May 2027 12:55:00.000,100.000000,75.345
25 May 2027 12:56:00.000,100.000000,75.344
25 May 2027 12:57:00.000,100.000000,75.343
25 May 2027 12:58:00.000,100.000000,75.342
25 May 2027 12:59:00.000,100.000000,75.342
25 May 2027 13:00:00.000,100.000000,75.341
25 May 2027 13:01:00.000,100.000000,75.340
25 May 2027 13:02:00.000,100.000000,75.339
25 May 2027 13:03:00.000,100.000000,75.339
25 May 2027 13:04:00.000,100.000000,75.338
25 May 2027 13:05:00.000,100.000000,75.337
25 May 2027 13:06:00.000,100.000000,75.336
25 May 2027 13:07:00.000,100.000000,75.336
25 May 2027 13:08:00.000,100.000000,75.335
25 May 2027 13:09:00.000,100.000000,75.334
25 May 2027 13:10:00.000,100.000000,75.333
25 May 2027 13:11:00.000,100.000000,75.332
25 May 2027 13:12:00.000,100.000000,75.332
25 May 2027 13:13:00.000,100.000000,75.331
25 May 2027 13:14:00.000,100.000000,75.330
25 May 2027 13:15:00.000,100.000000,75.329
25 May 2027 13:16:00.000,100.000000,75.329
25 May 2027 13:17:00.000,100.000000,75.328
25 May 2027 13:18:00.000,100.000000,75.327
25 May 2027 13:19:00.000,100.000000,75.326
25 May 2027 13:20:00.000,100.000000,75.326
25 May 2027 13:21:00.000,100.000000,75.325
25 May 2027 13:22:00.000,100.000000,75.324
25 May 2027 13:23:00.000,100.000000,75.323
25 May 2027 13:24:00.000,100.000000,75.322
25 May 2027 13:25:00.000,100.000000,75.322
25 May 2027 13:26:00.000,100.000000,75.321
25 May 2027 13:27:00.000,100.000000,75.320
25 May 2027 13:28:00.000,100.000000,75.319
25 May 2027 13:29:00.000,100.000000,75.319
25 May 2027 13:30:00.000,100.000000,75.318
25 May 2027 13:31:00.000,100.000000,75.317
25 May 2027 13:32:00.000,100.000000,75.316
25 May 2027 13:33:00.000,100.000000,75.315
25 May 2027 13:34:00.000,100.000000,75.315
25 May 2027 13:35:00.000,100.000000,75.314
25 May 2027 13:36:00.000,100.000000,75.313
25 May 2027 13:37:00.000,100.000000,75.312
25 May 2027 13:38:00.000,100.000000,75.312
25 May 2027 13:39:00.000,100.000000,75.311
25 May 2027 13:40:00.000,100.000000,75.310
25 May 2027 13:41:00.000,100.000000,75.309
25 May 2027 13:42:00.000,100.000000,75.308
25 May 2027 13:43:00.000,100.000000,75.308
25 May 2027 13:44:00.000,100.000000,75.307
25 May 2027 13:45:00.000,100.000000,75.306
25 May 2027 13:46:00.000,100.000000,75.305
25 May 2027 13:47:00.000,100.000000,75.305
25 May 2027 13:48:00.000,100.000000,75.304
25 May 2027 13:49:00.000,100.000000,75.303
25 May 2027 13:50:00.000,100.000000,75.302
25 May 2027 13:51:00.000,100.000000,75.301
25 May 2027 13:52:00.000,100.000000,75.301
25 May 2027 13:53:00.000,100.000000,75.300
25 May 2027 13:54:00.000,100.000000,75.299
25 May 2027 13:55:00.000,100.000000,75.298
25 May 2027 13:56:00.000,100.000000,75.297
25 May 2027 13:57:00.000,100.000000,75.297
25 May 2027 13:58:00.000,100.000000,75.296
25 May 2027 13:59:00.000,100.000000,75.295
25 May 2027 14:00:00.000,100.000000,75.294
25 May 2027 14:01:00.000,100.000000,75.293
25 May 2027 14:02:00.000,100.000000,75.293
25 May 2027 14:03:00.000,100.000000,75.292
25 May 2027 14:04:00.000,100.000000,75.291
25 May 2027 14:05:00.000,100.000000,75.290
25 May 2027 14:06:00.000,100.000000,75.289
25 May 2027 14:07:00.000,100.000000,75.289
25 May 2027 14:08:00.000,100.000000,75.288
25 May 2027 14:09:00.000,100.000000,75.287
25 May 2027 14:10:00.000,100.000000,75.286
25 May 2027 14:11:00.000,100.000000,75.285
25 May 2027 14:12:00.000,100.000000,75.285
25 May 2027 14:13:00.000,100.000000,75.284
25 May 2027 14:14:00.000,100.000000,75.283
25 May 2027 14:15:00.000,100.000000,75.282
25 May 2027 14:16:00.000,100.000000,75.281
25 May 2027 14:17:00.000,100.000000,75.281
25 May 2027 14:18:00.000,100.000000,75.280
25 May 2027 14:19:00.000,100.000000,75.279
25 May 2027 14:20:00.000,100.000000,75.278
25 May 2027 14:21:00.000,100.000000,75.277
25 May 2027 14:22:00.000,100.000000,75.277
25 May 2027 14:23:00.000,100.000000,75.276
25 May 2027 14:24:00.000,100.000000,75.275
25 May 2027 14:25:00.000,100.000000,75.274
25 May 2027 14:26:00.000,100.000000,75.273
25 May 2027 14:27:00.000,100.000000,75.273
25 May 2027 14:28:00.000,100.000000,75.272
25 May 2027 14:29:00.000,100.000000,75.271
25 May 2027 14:30:00.000,100.000000,75.270
25 May 2027 14:31:00.000,100.000000,75.269
25 May 2027 14:32:00.000,100.000000,75.268
25 May 2027 14:33:00.000,100.000000,75.268
25 May 2027 14:34:00.000,100.000000,75.267
25 May 2027 14:35:00.000,100.000000,75.266
25 May 2027 14:36:00.000,100.000000,75.265
25 May 2027 14:37:00.000,100.000000,75.264
25 May 2027 14:38:00.000,100.000000,75.264
25 May 2027 14:39:00.000,100.000000,75.263
25 May 2027 14:40:00.000,100.000000,75.262
25 May 2027 14:41:00.000,100.000000,75.261
25 May 2027 14:42:00.000,100.000000,75.260
25 May 2027 14:43:00.000,100.000000,75.259
25 May 2027 14:44:00.000,100.000000,75.259
25 May 2027 14:45:00.000,100.000000,75.258
25 May 2027 14:46:00.000,100.000000,75.257
25 May 2027 14:47:00.000,100.000000,75.256
25 May 2027 14:48:00.000,100.000000,75.255
25 May 2027 14:49:00.000,100.000000,75.255
25 May 2027 14:50:00.000,100.000000,75.254
25 May 2027 14:51:00.000,100.000000,75.253
25 May 2027 14:52:00.000,100.000000,75.252
25 May 2027 14:53:00.000,100.000000,75.251
25 May 2027 14:54:00.000,100.000000,75.250
25 May 2027 14:55:00.000,100.000000,75.250
25 May 2027 14:56:00.000,100.000000,75.249
25 May 2027 14:57:00.000,100.000000,75.248
25 May 2027 14:58:00.000,100.000000,75.247
25 May 2027 14:59:00.000,100.000000,75.246
25 May 2027 15:00:00.000,100.000000,75.245
25 May 2027 15:01:00.000,100.000000,75.245
25 May 2027 15:02:00.000,100.000000,75.244
25 May 2027 15:03:00.000,100.000000,75.243
25 May 2027 15:04:00.000,100.000000,75.242
25 May 2027 15:05:00.000,100.000000,75.241
25 May 2027 15:06:00.000,100.000000,75.240
25 May 2027 15:07:00.000,100.000000,75.240
25 May 2027 15:08:00.000,100.000000,75.239
25 May 2027 15:09:00.000,100.000000,75.238
25 May 2027 15:10:00.000,100.000000,75.237
25 May 2027 15:11:00.000,100.000000,75.236
25 May 2027 15:12:00.000,100.000000,75.235
25 May 2027 15:13:00.000,100.000000,75.235
25 May 2027 15:14:00.000,100.000000,75.234
25 May 2027 15:15:00.000,100.000000,75.233
25 May 2027 15:16:00.000,100.000000,75.232
25 May 2027 15:17:00.000,100.000000,75.231
25 May 2027 15:18:00.000,100.000000,75.230
25 May 2027 15:19:00.000,100.000000,75.230
25 May 2027 15:20:00.000,100.000000,75.229
25 May 2027 15:21:00.000,100.000000,75.228
25 May 2027 15:22:00.000,100.000000,75.227
25 May 2027 15:23:00.000,100.000000,75.226
25 May 2027 15:24:00.000,100.000000,75.225
25 May 2027 15:25:00.000,100.000000,75.225
25 May 2027 15:26:00.000,100.000000,75.224
25 May 2027 15:27:00.000,100.000000,75.223
25 May 2027 15:28:00.000,100.000000,75.222
25 May 2027 15:29:00.000,100.000000,75.221
25 May 2027 15:30:00.000,100.000000,75.220
25 May 2027 15:31:00.000,100.000000,75.219
25 May 2027 15:32:00.000,100.000000,75.219
25 May 2027 15:33:00.000,100.000000,75.218
25 May 2027 15:34:00.000,100.000000,75.217
25 May 2027 15:35:00.000,100.000000,75.216
25 May 2027 15:36:00.000,100.000000,75.215
25 May 2027 15:37:00.000,100.000000,75.214
25 May 2027 15:38:00.000,100.000000,75.213
25 May 2027 15:39:00.000,100.000000,75.213
25 May 2027 15:40:00.000,100.000000,75.212
25 May 2027 15:41:00.000,100.000000,75.211
25 May 2027 15:42:00.000,100.000000,75.210
25 May 2027 15:43:00.000,100.000000,75.209
25 May 2027 15:44:00.000,100.000000,75.208
25 May 2027 15:45:00.000,100.000000,75.208
25 May 2027 15:46:00.000,100.000000,75.207
25 May 2027 15:47:00.000,100.000000,75.206
25 May 2027 15:48:00.000,100.000000,75.205
25 May 2027 15:49:00.000,100.000000,75.204
25 May 2027 15:50:00.000,100.000000,75.203
25 May 2027 15:51:00.000,100.000000,75.202
25 May 2027 15:52:00.000,100.000000,75.201
25 May 2027 15:53:00.000,100.000000,75.201
25 May 2027 15:54:00.000,100.000000,75.200
25 May 2027 15:55:00.000,100.000000,75.199
25 May 2027 15:56:00.000,100.000000,75.198
25 May 2027 15:57:00.000,100.000000,75.197
25 May 2027 15:58:00.000,100.000000,75.196
25 May 2027 15:59:00.000,100.000000,75.195
25 May 2027 16:00:00.000,100.000000,75.195
25 May 2027 16:01:00.000,100.000000,75.194
25 May 2027 16:02:00.000,100.000000,75.193
25 May 2027 16:03:00.000,100.000000,75.192
25 May 2027 16:04:00.000,100.000000,75.191
25 May 2027 16:05:00.000,100.000000,75.190
25 May 2027 16:06:00.000,100.000000,75.189
25 May 2027 16:07:00.000,100.000000,75.189
25 May 2027 16:08:00.000,100.000000,75.188
25 May 2027 16:09:00.000,100.000000,75.187
25 May 2027 16:10:00.000,100.000000,75.186
25 May 2027 16:11:00.000,100.000000,75.185
25 May 2027 16:12:00.000,100.000000,75.184
25 May 2027 16:13:00.000,100.000000,75.183
25 May 2027 16:14:00.000,100.000000,75.182
25 May 2027 16:15:00.000,100.000000,75.182
25 May 2027 16:16:00.000,100.000000,75.181
25 May 2027 16:17:00.000,100.000000,75.180
25 May 2027 16:18:00.000,100.000000,75.179
25 May 2027 16:19:00.000,100.000000,75.178
25 May 2027 16:20:00.000,100.000000,75.177
25 May 2027 16:21:00.000,100.000000,75.176
25 May 2027 16:22:00.000,100.000000,75.175
25 May 2027 16:23:00.000,100.000000,75.175
25 May 2027 16:24:00.000,100.000000,75.174
25 May 2027 16:25:00.000,100.000000,75.173
25 May 2027 16:26:00.000,100.000000,75.172
25 May 2027 16:27:00.000,100.000000,75.171
25 May 2027 16:28:00.000,100.000000,75.170
25 May 2027 16:29:00.000,100.000000,75.169
25 May 2027 16:30:00.000,100.000000,75.168
25 May 2027 16:31:00.000,100.000000,75.167
25 May 2027 16:32:00.000,100.000000,75.167
25 May 2027 16:33:00.000,100.000000,75.166
25 May 2027 16:34:00.000,100.000000,75.165
25 May 2027 16:35:00.000,100.000000,75.164
25 May 2027 16:36:00.000,100.000000,75.163
25 May 2027 16:37:00.000,100.000000,75.162
25 May 2027 16:38:00.000,100.000000,75.161
25 May 2027 16:39:00.000,100.000000,75.160
25 May 2027 16:40:00.000,100.000000,75.160
25 May 2027 16:41:00.000,100.000000,75.159
25 May 2027 16:42:00.000,100.000000,75.158
25 May 2027 16:43:00.000,100.000000,75.157
25 May 2027 16:44:00.000,100.000000,75.156
25 May 2027 16:45:00.000,100.000000,75.155
25 May 2027 16:46:00.000,100.000000,75.154
25 May 2027 16:47:00.000,100.000000,75.153
25 May 2027 16:48:00.000,100.000000,75.152
25 May 2027 16:49:00.000,100.000000,75.152
25 May 2027 16:50:00.000,100.000000,75.151
25 May 2027 16:51:00.000,100.000000,75.150
25 May 2027 16:52:00.000,100.000000,75.149
25 May 2027 16:53:00.000,100.000000,75.148
25 May 2027 16:54:00.000,100.000000,75.147
25 May 2027 16:55:00.000,100.000000,75.146
25 May 2027 16:56:00.000,100.000000,75.145
25 May 2027 16:57:00.000,100.000000,75.144
25 May 2027 16:58:00.000,100.000000,75.143
25 May 2027 16:59:00.000,100.000000,75.143
25 May 2027 17:00:00.000,100.000000,75.142
25 May 2027 17:01:00.000,100.000000,75.141
25 May 2027 17:02:00.000,100.000000,75.140
25 May 2027 17:03:00.000,100.000000,75.139
25 May 2027 17:04:00.000,100.000000,75.138
25 May 2027 17:05:00.000,100.000000,75.137
25 May 2027 17:06:00.000,100.000000,75.136
25 May 2027 17:07:00.000,100.000000,75.135
25 May 2027 17:08:00.000,100.000000,75.134
25 May 2027 17:09:00.000,100.000000,75.134
25 May 2027 17:10:00.000,100.000000,75.133
25 May 2027 17:11:00.000,100.000000,75.132
25 May 2027 17:12:00.000,100.000000,75.131
25 May 2027 17:13:00.000,100.000000,75.130
25 May 2027 17:14:00.000,100.000000,75.129
25 May 2027 17:15:00.000,100.000000,75.128
25 May 2027 17:16:00.000,100.000000,75.127
25 May 2027 17:17:00.000,100.000000,75.126
25 May 2027 17:18:00.000,100.000000,75.125
25 May 2027 17:19:00.000,100.000000,75.124
25 May 2027 17:20:00.000,100.000000,75.124
25 May 2027 17:21:00.000,100.000000,75.123
25 May 2027 17:22:00.000,100.000000,75.122
25 May 2027 17:23:00.000,100.000000,75.121
25 May 2027 17:24:00.000,100.000000,75.120
25 May 2027 17:25:00.000,100.000000,75.119
25 May 2027 17:26:00.000,100.000000,75.118
25 May 2027 17:27:00.000,100.000000,75.117
25 May 2027 17:28:00.000,100.000000,75.116
25 May 2027 17:29:00.000,100.000000,75.115
25 May 2027 17:30:00.000,100.000000,75.114
25 May 2027 17:31:00.000,100.000000,75.114
25 May 2027 17:32:00.000,100.000000,75.113
25 May 2027 17:33:00.000,100.000000,75.112
25 May 2027 17:34:00.000,100.000000,75.111
25 May 2027 17:35:00.000,100.000000,75.110
25 May 2027 17:36:00.000,100.000000,75.109
25 May 2027 17:37:00.000,100.000000,75.108
25 May 2027 17:38:00.000,100.000000,75.107
25 May 2027 17:39:00.000,100.000000,75.106
25 May 2027 17:40:00.000,100.000000,75.105
25 May 2027 17:41:00.000,100.000000,75.104
25 May 2027 17:42:00.000,100.000000,75.103
25 May 2027 17:43:00.000,100.000000,75.102
25 May 2027 17:44:00.000,100.000000,75.102
25 May 2027 17:45:00.000,100.000000,75.101
25 May 2027 17:46:00.000,100.000000,75.100
25 May 2027 17:47:00.000,100.000000,75.099
25 May 2027 17:48:00.000,100.000000,75.098
25 May 2027 17:49:00.000,100.000000,75.097
25 May 2027 17:50:00.000,100.000000,75.096
25 May 2027 17:51:00.000,100.000000,75.095
25 May 2027 17:52:00.000,100.000000,75.094
25 May 2027 17:53:00.000,100.000000,75.093
25 May 2027 17:54:00.000,100.000000,75.092
25 May 2027 17:55:00.000,100.000000,75.091
25 May 2027 17:56:00.000,100.000000,75.090
25 May 2027 17:57:00.000,100.000000,75.089
25 May 2027 17:58:00.000,100.000000,75.089
25 May 2027 17:59:00.000,100.000000,75.088
25 May 2027 18:00:00.000,100.000000,75.087
25 May 2027 18:01:00.000,100.000000,75.086
25 May 2027 18:02:00.000,100.000000,75.085
25 May 2027 18:03:00.000,100.000000,75.084
25 May 2027 18:04:00.000,100.000000,75.083
25 May 2027 18:05:00.000,100.000000,75.082
25 May 2027 18:06:00.000,100.000000,75.081
25 May 2027 18:07:00.000,100.000000,75.080
25 May 2027 18:08:00.000,100.000000,75.079
25 May 2027 18:09:00.000,100.000000,75.078
25 May 2027 18:10:00.000,100.000000,75.077
25 May 2027 18:11:00.000,100.000000,75.076
25 May 2027 18:12:00.000,100.000000,75.075
25 May 2027 18:13:00.000,100.000000,75.074
25 May 2027 18:14:00.000,100.000000,75.074
25 May 2027 18:15:00.000,100.000000,75.073
25 May 2027 18:16:00.000,100.000000,75.072
25 May 2027 18:17:00.000,100.000000,75.071
25 May 2027 18:18:00.000,100.000000,75.070
25 May 2027 18:19:00.000,100.000000,75.069
25 May 2027 18:20:00.000,100.000000,75.068
25 May 2027 18:21:00.000,100.000000,75.067
25 May 2027 18:22:00.000,100.000000,75.066
25 May 2027 18:23:00.000,100.000000,75.065
25 May 2027 18:24:00.000,100.000000,75.064
25 May 2027 18:25:00.000,100.000000,75.063
25 May 2027 18:26:00.000,100.000000,75.062
25 May 2027 18:27:00.000,100.000000,75.061
25 May 2027 18:28:00.000,100.000000,75.060
25 May 2027 18:29:00.000,100.000000,75.059
25 May 2027 18:30:00.000,100.000000,75.058
25 May 2027 18:31:00.000,100.000000,75.057
25 May 2027 18:32:00.000,100.000000,75.057
25 May 2027 18:33:00.000,100.000000,75.056
25 May 2027 18:34:00.000,100.000000,75.055
25 May 2027 18:35:00.000,100.000000,75.054
25 May 2027 18:36:00.000,100.000000,75.053
25 May 2027 18:37:00.000,100.000000,75.052
25 May 2027 18:38:00.000,100.000000,75.051
25 May 2027 18:39:00.000,100.000000,75.050
25 May 2027 18:40:00.000,100.000000,75.049
25 May 2027 18:41:00.000,100.000000,75.048
25 May 2027 18:42:00.000,100.000000,75.047
25 May 2027 18:43:00.000,100.000000,75.046
25 May 2027 18:44:00.000,100.000000,75.045
25 May 2027 18:45:00.000,100.000000,75.044
25 May 2027 18:46:00.000,100.000000,75.043
25 May 2027 18:47:00.000,100.000000,75.042
25 May 2027 18:48:00.000,100.000000,75.041
25 May 2027 18:49:00.000,100.000000,75.040
25 May 2027 18:50:00.000,100.000000,75.039
25 May 2027 18:51:00.000,100.000000,75.038
25 May 2027 18:52:00.000,100.000000,75.037
25 May 2027 18:53:00.000,100.000000,75.036
25 May 2027 18:54:00.000,100.000000,75.035
25 May 2027 18:55:00.000,100.000000,75.034
25 May 2027 18:56:00.000,100.000000,75.034
25 May 2027 18:57:00.000,100.000000,75.033
25 May 2027 18:58:00.000,100.000000,75.032
25 May 2027 18:59:00.000,100.000000,75.031
25 May 2027 19:00:00.000,100.000000,75.030
25 May 2027 19:01:00.000,100.000000,75.029
25 May 2027 19:02:00.000,100.000000,75.028
25 May 2027 19:03:00.000,100.000000,75.027
25 May 2027 19:04:00.000,100.000000,75.026
25 May 2027 19:05:00.000,100.000000,75.025
25 May 2027 19:06:00.000,100.000000,75.024
25 May 2027 19:07:00.000,100.000000,75.023
25 May 2027 19:08:00.000,100.000000,75.022
25 May 2027 19:09:00.000,100.000000,75.021
25 May 2027 19:10:00.000,100.000000,75.020
25 May 2027 19:11:00.000,100.000000,75.019
25 May 2027 19:12:00.000,100.000000,75.018
25 May 2027 19:13:00.000,100.000000,75.017
25 May 2027 19:14:00.000,100.000000,75.016
25 May 2027 19:15:00.000,100.000000,75.015
25 May 2027 19:16:00.000,100.000000,75.014
25 May 2027 19:17:00.000,100.000000,75.013
25 May 2027 19:18:00.000,100.000000,75.012
25 May 2027 19:19:00.000,100.000000,75.011
25 May 2027 19:20:00.000,100.000000,75.010
25 May 2027 19:21:00.000,100.000000,75.009
25 May 2027 19:22:00.000,100.000000,75.008
25 May 2027 19:23:00.000,100.000000,75.007
25 May 2027 19:24:00.000,100.000000,75.006
25 May 2027 19:25:00.000,100.000000,75.005
25 May 2027 19:26:00.000,100.000000,75.004
25 May 2027 19:27:00.000,100.000000,75.003
25 May 2027 19:28:00.000,100.000000,75.002
25 May 2027 19:29:00.000,100.000000,75.001
25 May 2027 19:30:00.000,100.000000,75.000
25 May 2027 19:31:00.000,100.000000,74.999
25 May 2027 19:32:00.000,100.000000,74.998
25 May 2027 19:33:00.000,100.000000,74.997
25 May 2027 19:34:00.000,100.000000,74.996
25 May 2027 19:35:00.000,100.000000,74.995
25 May 2027 19:36:00.000,100.000000,74.994
25 May 2027 19:37:00.000,100.000000,74.994
25 May 2027 19:38:00.000,100.000000,74.993
25 May 2027 19:39:00.000,100.000000,74.992
25 May 2027 19:40:00.000,100.000000,74.991
25 May 2027 19:41:00.000,100.000000,74.990
25 May 2027 19:42:00.000,100.000000,74.989
25 May 2027 19:43:00.000,100.000000,74.988
25 May 2027 19:44:00.000,100.000000,74.987
25 May 2027 19:45:00.000,100.000000,74.986
25 May 2027 19:46:00.000,100.000000,74.985
25 May 2027 19:47:00.000,100.000000,74.984
25 May 2027 19:48:00.000,100.000000,74.983
25 May 2027 19:49:00.000,100.000000,74.982
25 May 2027 19:50:00.000,100.000000,74.981
25 May 2027 19:51:00.000,100.000000,74.980
25 May 2027 19:52:00.000,100.000000,74.979
25 May 2027 19:53:00.000,100.000000,74.978
25 May 2027 19:54:00.000,100.000000,74.977
25 May 2027 19:55:00.000,100.000000,74.976
25 May 2027 19:56:00.000,100.000000,74.975
25 May 2027 19:57:00.000,100.000000,74.974
25 May 2027 19:58:00.000,100.000000,74.973
25 May 2027 19:59:00.000,100.000000,74.972
25 May 2027 20:00:00.000,100.000000,74.971
25 May 2027 20:01:00.000,100.000000,74.970
25 May 2027 20:02:00.000,100.000000,74.969
25 May 2027 20:03:00.000,100.000000,74.968
25 May 2027 20:04:00.000,100.000000,74.967
25 May 2027 20:05:00.000,100.000000,74.966
25 May 2027 20:06:00.000,100.000000,74.965
25 May 2027 20:07:00.000,100.000000,74.964
25 May 2027 20:08:00.000,100.000000,74.963
25 May 2027 20:09:00.000,100.000000,74.962
25 May 2027 20:10:00.000,100.000000,74.961
25 May 2027 20:11:00.000,100.000000,74.960
25 May 2027 20:12:00.000,100.000000,74.959
25 May 2027 20:13:00.000,100.000000,74.958
25 May 2027 20:14:00.000,100.000000,74.957
25 May 2027 20:15:00.000,100.000000,74.956
25 May 2027 20:16:00.000,100.000000,74.955
25 May 2027 20:17:00.000,100.000000,74.954
25 May 2027 20:18:00.000,100.000000,74.953
25 May 2027 20:19:00.000,100.000000,74.952
25 May 2027 20:20:00.000,100.000000,74.951
25 May 2027 20:21:00.000,100.000000,74.950
25 May 2027 20:22:00.000,100.000000,74.949
25 May 2027 20:23:00.000,100.000000,74.947
25 May 2027 20:24:00.000,100.000000,74.946
25 May 2027 20:25:00.000,100.000000,74.945
25 May 2027 20:26:00.000,100.000000,74.944
25 May 2027 20:27:00.000,100.000000,74.943
25 May 2027 20:28:00.000,100.000000,74.942
25 May 2027 20:29:00.000,100.000000,74.941
25 May 2027 20:30:00.000,100.000000,74.940
25 May 2027 20:31:00.000,100.000000,74.939
25 May 2027 20:32:00.000,100.000000,74.938
25 May 2027 20:33:00.000,100.000000,74.937
25 May 2027 20:34:00.000,100.000000,74.936
25 May 2027 20:35:00.000,100.000000,74.935
25 May 2027 20:36:00.000,100.000000,74.934
25 May 2027 20:37:00.000,100.000000,74.933
25 May 2027 20:38:00.000,100.000000,74.932
25 May 2027 20:39:00.000,100.000000,74.931
25 May 2027 20:40:00.000,100.000000,74.930
25 May 2027 20:41:00.000,100.000000,74.929
25 May 2027 20:42:00.000,100.000000,74.928
25 May 2027 20:43:00.000,100.000000,74.927
25 May 2027 20:44:00.000,100.000000,74.926
25 May 2027 20:45:00.000,100.000000,74.925
25 May 2027 20:46:00.000,100.000000,74.924
25 May 2027 20:47:00.000,100.000000,74.923
25 May 2027 20:48:00.000,100.000000,74.922
25 May 2027 20:49:00.000,100.000000,74.921
25 May 2027 20:50:00.000,100.000000,74.920
25 May 2027 20:51:00.000,100.000000,74.919
25 May 2027 20:52:00.000,100.000000,74.918
25 May 2027 20:53:00.000,100.000000,74.917
25 May 2027 20:54:00.000,100.000000,74.916
25 May 2027 20:55:00.000,100.000000,74.915
25 May 2027 20:56:00.000,100.000000,74.914
25 May 2027 20:57:00.000,100.000000,74.913
25 May 2027 20:58:00.000,100.000000,74.912
25 May 2027 20:59:00.000,100.000000,74.911
25 May 2027 21:00:00.000,100.000000,74.910
25 May 2027 21:01:00.000,100.000000,74.909
25 May 2027 21:02:00.000,100.000000,74.908
25 May 2027 21:03:00.000,100.000000,74.907
25 May 2027 21:04:00.000,100.000000,74.906
25 May 2027 21:05:00.000,100.000000,74.904
25 May 2027 21:06:00.000,100.000000,74.903
25 May 2027 21:07:00.000,100.000000,74.902
25 May 2027 21:08:00.000,100.000000,74.901
25 May 2027 21:09:00.000,100.000000,74.900
25 May 2027 21:10:00.000,100.000000,74.899
25 May 2027 21:11:00.000,100.000000,74.898
25 May 2027 21:12:00.000,100.000000,74.897
25 May 2027 21:13:00.000,100.000000,74.896
25 May 2027 21:14:00.000,100.000000,74.895
25 May 2027 21:15:00.000,100.000000,74.894
25 May 2027 21:16:00.000,100.000000,74.893
25 May 2027 21:17:00.000,100.000000,74.892
25 May 2027 21:18:00.000,100.000000,74.891
25 May 2027 21:19:00.000,100.000000,74.890
25 May 2027 21:20:00.000,100.000000,74.889
25 May 2027 21:21:00.000,100.000000,74.888
25 May 2027 21:22:00.000,100.000000,74.887
25 May 2027 21:23:00.000,100.000000,74.886
25 May 2027 21:24:00.000,100.000000,74.885
25 May 2027 21:25:00.000,100.000000,74.884
25 May 2027 21:26:00.000,100.000000,74.883
25 May 2027 21:27:00.000,100.000000,74.882
25 May 2027 21:28:00.000,100.000000,74.881
25 May 2027 21:29:00.000,100.000000,74.879
25 May 2027 21:30:00.000,100.000000,74.878
25 May 2027 21:31:00.000,100.000000,74.877
25 May 2027 21:32:00.000,100.000000,74.876
25 May 2027 21:33:00.000,100.000000,74.875
25 May 2027 21:34:00.000,100.000000,74.874
25 May 2027 21:35:00.000,100.000000,74.873
25 May 2027 21:36:00.000,100.000000,74.872
25 May 2027 21:37:00.000,100.000000,74.871
25 May 2027 21:38:00.000,100.000000,74.870
25 May 2027 21:39:00.000,100.000000,74.869
25 May 2027 21:40:00.000,100.000000,74.868
25 May 2027 21:41:00.000,100.000000,74.867
25 May 2027 21:42:00.000,100.000000,74.866
25 May 2027 21:43:00.000,100.000000,74.865
25 May 2027 21:44:00.000,100.000000,74.864
25 May 2027 21:45:00.000,100.000000,74.863
25 May 2027 21:46:00.000,100.000000,74.862
25 May 2027 21:47:00.000,100.000000,74.860
25 May 2027 21:48:00.000,100.000000,74.859
25 May 2027 21:49:00.000,100.000000,74.858
25 May 2027 21:50:00.000,100.000000,74.857
25 May 2027 21:51:00.000,100.000000,74.856
25 May 2027 21:52:00.000,100.000000,74.855
25 May 2027 21:53:00.000,100.000000,74.854
25 May 2027 21:54:00.000,100.000000,74.853
25 May 2027 21:55:00.000,100.000000,74.852
25 May 2027 21:56:00.000,100.000000,74.851
25 May 2027 21:57:00.000,100.000000,74.850
25 May 2027 21:58:00.000,100.000000,74.849
25 May 2027 21:59:00.000,100.000000,74.848
25 May 2027 22:00:00.000,100.000000,74.847
25 May 2027 22:01:00.000,100.000000,74.846
25 May 2027 22:02:00.000,100.000000,74.845
25 May 2027 22:03:00.000,100.000000,74.843
25 May 2027 22:04:00.000,100.000000,74.842
25 May 2027 22:05:00.000,100.000000,74.841
25 May 2027 22:06:00.000,100.000000,74.840
25 May 2027 22:07:00.000,100.000000,74.839
25 May 2027 22:08:00.000,100.000000,74.838
25 May 2027 22:09:00.000,100.000000,74.837
25 May 2027 22:10:00.000,100.000000,74.836
25 May 2027 22:11:00.000,100.000000,74.835
25 May 2027 22:12:00.000,100.000000,74.834
25 May 2027 22:13:00.000,100.000000,74.833
25 May 2027 22:14:00.000,100.000000,74.832
25 May 2027 22:15:00.000,100.000000,74.831
25 May 2027 22:16:00.000,100.000000,74.830
25 May 2027 22:17:00.000,100.000000,74.828
25 May 2027 22:18:00.000,100.000000,74.827
25 May 2027 22:19:00.000,100.000000,74.826
25 May 2027 22:20:00.000,100.000000,74.825
25 May 2027 22:21:00.000,100.000000,74.824
25 May 2027 22:22:00.000,100.000000,74.823
25 May 2027 22:23:00.000,100.000000,74.822
25 May 2027 22:24:00.000,100.000000,74.821
25 May 2027 22:25:00.000,100.000000,74.820
25 May 2027 22:26:00.000,100.000000,74.819
25 May 2027 22:27:00.000,100.000000,74.818
25 May 2027 22:28:00.000,100.000000,74.817
25 May 2027 22:29:00.000,100.000000,74.816
25 May 2027 22:30:00.000,100.000000,74.814
25 May 2027 22:31:00.000,100.000000,74.813
25 May 2027 22:32:00.000,100.000000,74.812
25 May 2027 22:33:00.000,100.000000,74.811
25 May 2027 22:34:00.000,100.000000,74.810
25 May 2027 22:35:00.000,100.000000,74.809
25 May 2027 22:36:00.000,100.000000,74.808
25 May 2027 22:37:00.000,100.000000,74.807
25 May 2027 22:38:00.000,100.000000,74.806
25 May 2027 22:39:00.000,100.000000,74.805
25 May 2027 22:40:00.000,100.000000,74.804
25 May 2027 22:41:00.000,100.000000,74.803
25 May 2027 22:42:00.000,100.000000,74.801
25 May 2027 22:43:00.000,100.000000,74.800
25 May 2027 22:44:00.000,100.000000,74.799
25 May 2027 22:45:00.000,100.000000,74.798
25 May 2027 22:46:00.000,100.000000,74.797
25 May 2027 22:47:00.000,100.000000,74.796
25 May 2027 22:48:00.000,100.000000,74.795
25 May 2027 22:49:00.000,100.000000,74.794
25 May 2027 22:50:00.000,100.000000,74.793
25 May 2027 22:51:00.000,100.000000,74.792
25 May 2027 22:52:00.000,100.000000,74.791
25 May 2027 22:53:00.000,100.000000,74.789
25 May 2027 22:54:00.000,100.000000,74.788
25 May 2027 22:55:00.000,100.000000,74.787
25 May 2027 22:56:00.000,100.000000,74.786
25 May 2027 22:57:00.000,100.000000,74.785
25 May 2027 22:58:00.000,100.000000,74.784
25 May 2027 22:59:00.000,100.000000,74.783
25 May 2027 23:00:00.000,100.000000,74.782
25 May 2027 23:01:00.000,100.000000,74.781
25 May 2027 23:02:00.000,100.000000,74.780
25 May 2027 23:03:00.000,100.000000,74.779
25 May 2027 23:04:00.000,100.000000,74.777
25 May 2027 23:05:00.000,100.000000,74.776
25 May 2027 23:06:00.000,100.000000,74.775
25 May 2027 23:07:00.000,100.000000,74.774
25 May 2027 23:08:00.000,100.000000,74.773
25 May 2027 23:09:00.000,100.000000,74.772
25 May 2027 23:10:00.000,100.000000,74.771
25 May 2027 23:11:00.000,100.000000,74.770
25 May 2027 23:12:00.000,100.000000,74.769
25 May 2027 23:13:00.000,100.000000,74.767
25 May 2027 23:14:00.000,100.000000,74.766
25 May 2027 23:15:00.000,100.000000,74.765
25 May 2027 23:16:00.000,100.000000,74.764
25 May 2027 23:17:00.000,100.000000,74.763
25 May 2027 23:18:00.000,100.000000,74.762
25 May 2027 23:19:00.000,100.000000,74.761
25 May 2027 23:20:00.000,100.000000,74.760
25 May 2027 23:21:00.000,100.000000,74.759
25 May 2027 23:22:00.000,100.000000,74.758
25 May 2027 23:23:00.000,100.000000,74.756
25 May 2027 23:24:00.000,100.000000,74.755
25 May 2027 23:25:00.000,100.000000,74.754
25 May 2027 23:26:00.000,100.000000,74.753
25 May 2027 23:27:00.000,100.000000,74.752
25 May 2027 23:28:00.000,100.000000,74.751
25 May 2027 23:29:00.000,100.000000,74.750
25 May 2027 23:30:00.000,100.000000,74.749
25 May 2027 23:31:00.000,100.000000,74.748
25 May 2027 23:32:00.000,100.000000,74.746
25 May 2027 23:33:00.000,100.000000,74.745
25 May 2027 23:34:00.000,100.000000,74.744
25 May 2027 23:35:00.000,100.000000,74.743
25 May 2027 23:36:00.000,100.000000,74.742
25 May 2027 23:37:00.000,100.000000,74.741
25 May 2027 23:38:00.000,100.000000,74.740
25 May 2027 23:39:00.000,100.000000,74.739
25 May 2027 23:40:00.000,100.000000,74.737
25 May 2027 23:41:00.000,100.000000,74.736
25 May 2027 23:42:00.000,100.000000,74.735
25 May 2027 23:43:00.000,100.000000,74.734
25 May 2027 23:44:00.000,100.000000,74.733
25 May 2027 23:45:00.000,100.000000,74.732
25 May 2027 23:46:00.000,100.000000,74.731
25 May 2027 23:47:00.000,100.000000,74.730
25 May 2027 23:48:00.000,100.000000,74.729
25 May 2027 23:49:00.000,100.000000,74.727
25 May 2027 23:50:00.000,100.000000,74.726
25 May 2027 23:51:00.000,100.000000,74.725
25 May 2027 23:52:00.000,100.000000,74.724
25 May 2027 23:53:00.000,100.000000,74.723
25 May 2027 23:54:00.000,100.000000,74.722
25 May 2027 23:55:00.000,100.000000,74.721
25 May 2027 23:56:00.000,100.000000,74.720
25 May 2027 23:57:00.000,100.000000,74.718
25 May 2027 23:58:00.000,100.000000,74.717
25 May 2027 23:59:00.000,100.000000,74.716
26 May 2027 00:00:00.000,100.000000,74.715
26 May 2027 00:01:00.000,100.000000,74.714
26 May 2027 00:02:00.000,100.000000,74.713
26 May 2027 00:03:00.000,100.000000,74.712
26 May 2027 00:04:00.000,100.000000,74.710
26 May 2027 00:05:00.000,100.000000,74.709
26 May 2027 00:06:00.000,100.000000,74.708
26 May 2027 00:07:00.000,100.000000,74.707
26 May 2027 00:08:00.000,100.000000,74.706
26 May 2027 00:09:00.000,100.000000,74.705
26 May 2027 00:10:00.000,100.000000,74.704
26 May 2027 00:11:00.000,100.000000,74.703
26 May 2027 00:12:00.000,100.000000,74.701
26 May 2027 00:13:00.000,100.000000,74.700
26 May 2027 00:14:00.000,100.000000,74.699
26 May 2027 00:15:00.000,100.000000,74.698
26 May 2027 00:16:00.000,100.000000,74.697
26 May 2027 00:17:00.000,100.000000,74.696
26 May 2027 00:18:00.000,100.000000,74.695
26 May 2027 00:19:00.000,100.000000,74.693
26 May 2027 00:20:00.000,100.000000,74.692
26 May 2027 00:21:00.000,100.000000,74.691
26 May 2027 00:22:00.000,100.000000,74.690
26 May 2027 00:23:00.000,100.000000,74.689
26 May 2027 00:24:00.000,100.000000,74.688
26 May 2027 00:25:00.000,100.000000,74.687
26 May 2027 00:26:00.000,100.000000,74.685
26 May 2027 00:27:00.000,100.000000,74.684
26 May 2027 00:28:00.000,100.000000,74.683
26 May 2027 00:29:00.000,100.000000,74.682
26 May 2027 00:30:00.000,100.000000,74.681
26 May 2027 00:31:00.000,100.000000,74.680
26 May 2027 00:32:00.000,100.000000,74.679
26 May 2027 00:33:00.000,100.000000,74.677
26 May 2027 00:34:00.000,100.000000,74.676
26 May 2027 00:35:00.000,100.000000,74.675
26 May 2027 00:36:00.000,100.000000,74.674
26 May 2027 00:37:00.000,100.000000,74.673
26 May 2027 00:38:00.000,100.000000,74.672
26 May 2027 00:39:00.000,100.000000,74.671
26 May 2027 00:40:00.000,100.000000,74.669
26 May 2027 00:41:00.000,100.000000,74.668
26 May 2027 00:42:00.000,100.000000,74.667
26 May 2027 00:43:00.000,100.000000,74.666
26 May 2027 00:44:00.000,100.000000,74.665
26 May 2027 00:45:00.000,100.000000,74.664
26 May 2027 00:46:00.000,100.000000,74.663
26 May 2027 00:47:00.000,100.000000,74.661
26 May 2027 00:48:00.000,100.000000,74.660
26 May 2027 00:49:00.000,100.000000,74.659
26 May 2027 00:50:00.000,100.000000,74.658
26 May 2027 00:51:00.000,100.000000,74.657
26 May 2027 00:52:00.000,100.000000,74.656
26 May 2027 00:53:00.000,100.000000,74.654
26 May 2027 00:54:00.000,100.000000,74.653
26 May 2027 00:55:00.000,100.000000,74.652
26 May 2027 00:56:00.000,100.000000,74.651
26 May 2027 00:57:00.000,100.000000,74.650
26 May 2027 00:58:00.000,100.000000,74.649
26 May 2027 00:59:00.000,100.000000,74.647
26 May 2027 01:00:00.000,100.000000,74.646
26 May 2027 01:01:00.000,100.000000,74.645
26 May 2027 01:02:00.000,100.000000,74.644
26 May 2027 01:03:00.000,100.000000,74.643
26 May 2027 01:04:00.000,100.000000,74.642
26 May 2027 01:05:00.000,100.000000,74.641
26 May 2027 01:06:00.000,100.000000,74.639
26 May 2027 01:07:00.000,100.000000,74.638
26 May 2027 01:08:00.000,100.000000,74.637
26 May 2027 01:09:00.000,100.000000,74.636
26 May 2027 01:10:00.000,100.000000,74.635
26 May 2027 01:11:00.000,100.000000,74.634
26 May 2027 01:12:00.000,100.000000,74.632
26 May 2027 01:13:00.000,100.000000,74.631
26 May 2027 01:14:00.000,100.000000,74.630
26 May 2027 01:15:00.000,100.000000,74.629
26 May 2027 01:16:00.000,100.000000,74.628
26 May 2027 01:17:00.000,100.000000,74.627
26 May 2027 01:18:00.000,100.000000,74.625
26 May 2027 01:19:00.000,100.000000,74.624
26 May 2027 01:20:00.000,100.000000,74.623
26 May 2027 01:21:00.000,100.000000,74.622
26 May 2027 01:22:00.000,100.000000,74.621
26 May 2027 01:23:00.000,100.000000,74.620
26 May 2027 01:24:00.000,100.000000,74.618
26 May 2027 01:25:00.000,100.000000,74.617
26 May 2027 01:26:00.000,100.000000,74.616
26 May 2027 01:27:00.000,100.000000,74.615
26 May 2027 01:28:00.000,100.000000,74.614
26 May 2027 01:29:00.000,100.000000,74.612
26 May 2027 01:30:00.000,100.000000,74.611
26 May 2027 01:31:00.000,100.000000,74.610
26 May 2027 01:32:00.000,100.000000,74.609
26 May 2027 01:33:00.000,100.000000,74.608
26 May 2027 01:34:00.000,100.000000,74.607
26 May 2027 01:35:00.000,100.000000,74.605
26 May 2027 01:36:00.000,100.000000,74.604
26 May 2027 01:37:00.000,100.000000,74.603
26 May 2027 01:38:00.000,100.000000,74.602
26 May 2027 01:39:00.000,100.000000,74.601
26 May 2027 01:40:00.000,100.000000,74.600
26 May 2027 01:41:00.000,100.000000,74.598
26 May 2027 01:42:00.000,100.000000,74.597
26 May 2027 01:43:00.000,100.000000,74.596
26 May 2027 01:44:00.000,100.000000,74.595
26 May 2027 01:45:00.000,100.000000,74.594
26 May 2027 01:46:00.000,100.000000,74.592
26 May 2027 01:47:00.000,100.000000,74.591
26 May 2027 01:48:00.000,100.000000,74.590
26 May 2027 01:49:00.000,100.000000,74.589
26 May 2027 01:50:00.000,100.000000,74.588
26 May 2027 01:51:00.000,100.000000,74.587
26 May 2027 01:52:00.000,100.000000,74.585
26 May 2027 01:53:00.000,100.000000,74.584
26 May 2027 01:54:00.000,100.000000,74.583
26 May 2027 01:55:00.000,100.000000,74.582
26 May 2027 01:56:00.000,100.000000,74.581
26 May 2027 01:57:00.000,100.000000,74.579
26 May 2027 01:58:00.000,100.000000,74.578
26 May 2027 01:59:00.000,100.000000,74.577
26 May 2027 02:00:00.000,100.000000,74.576
26 May 2027 02:01:00.000,100.000000,74.575
26 May 2027 02:02:00.000,100.000000,74.573
26 May 2027 02:03:00.000,100.000000,74.572
26 May 2027 02:04:00.000,100.000000,74.571
26 May 2027 02:05:00.000,100.000000,74.570
26 May 2027 02:06:00.000,100.000000,74.569
26 May 2027 02:07:00.000,100.000000,74.567
26 May 2027 02:08:00.000,100.000000,74.566
26 May 2027 02:09:00.000,100.000000,74.565
26 May 2027 02:10:00.000,100.000000,74.564
26 May 2027 02:11:00.000,100.000000,74.563
26 May 2027 02:12:00.000,100.000000,74.561
26 May 2027 02:13:00.000,100.000000,74.560
26 May 2027 02:14:00.000,100.000000,74.559
26 May 2027 02:15:00.000,100.000000,74.558
26 May 2027 02:16:00.000,100.000000,74.557
26 May 2027 02:17:00.000,100.000000,74.555
26 May 2027 02:18:00.000,100.000000,74.554
26 May 2027 02:19:00.000,100.000000,74.553
26 May 2027 02:20:00.000,100.000000,74.552
26 May 2027 02:21:00.000,100.000000,74.551
26 May 2027 02:22:00.000,100.000000,74.549
26 May 2027 02:23:00.000,100.000000,74.548
26 May 2027 02:24:00.000,100.000000,74.547
26 May 2027 02:25:00.000,100.000000,74.546
26 May 2027 02:26:00.000,100.000000,74.545
26 May 2027 02:27:00.000,100.000000,74.543
26 May 2027 02:28:00.000,100.000000,74.542
26 May 2027 02:29:00.000,100.000000,74.541
26 May 2027 02:30:00.000,100.000000,74.540
26 May 2027 02:31:00.000,100.000000,74.539
26 May 2027 02:32:00.000,100.000000,74.537
26 May 2027 02:33:00.000,100.000000,74.536
26 May 2027 02:34:00.000,100.000000,74.535
26 May 2027 02:35:00.000,100.000000,74.534
26 May 2027 02:36:00.000,100.000000,74.533
26 May 2027 02:37:00.000,100.000000,74.531
26 May 2027 02:38:00.000,100.000000,74.530
26 May 2027 02:39:00.000,100.000000,74.529
26 May 2027 02:40:00.000,100.000000,74.528
26 May 2027 02:41:00.000,100.000000,74.527
26 May 2027 02:42:00.000,100.000000,74.525
26 May 2027 02:43:00.000,100.000000,74.524
26 May 2027 02:44:00.000,100.000000,74.523
26 May 2027 02:45:00.000,100.000000,74.522
26 May 2027 02:46:00.000,100.000000,74.520
26 May 2027 02:47:00.000,100.000000,74.519
26 May 2027 02:48:00.000,100.000000,74.518
26 May 2027 02:49:00.000,100.000000,74.517
26 May 2027 02:50:00.000,100.000000,74.516
26 May 2027 02:51:00.000,100.000000,74.514
26 May 2027 02:52:00.000,100.000000,74.513
26 May 2027 02:53:00.000,100.000000,74.512
26 May 2027 02:54:00.000,100.000000,74.511
26 May 2027 02:55:00.000,100.000000,74.510
26 May 2027 02:56:00.000,100.000000,74.508
26 May 2027 02:57:00.000,100.000000,74.507
26 May 2027 02:58:00.000,100.000000,74.506
26 May 2027 02:59:00.000,100.000000,74.505
26 May 2027 03:00:00.000,100.000000,74.503
26 May 2027 03:01:00.000,100.000000,74.502
26 May 2027 03:02:00.000,100.000000,74.501
26 May 2027 03:03:00.000,100.000000,74.500
26 May 2027 03:04:00.000,100.000000,74.499
26 May 2027 03:05:00.000,100.000000,74.497
26 May 2027 03:06:00.000,100.000000,74.496
26 May 2027 03:07:00.000,100.000000,74.495
26 May 2027 03:08:00.000,100.000000,74.494
26 May 2027 03:09:00.000,100.000000,74.492
26 May 2027 03:10:00.000,100.000000,74.491
26 May 2027 03:11:00.000,100.000000,74.490
26 May 2027 03:12:00.000,100.000000,74.489
26 May 2027 03:13:00.000,100.000000,74.488
26 May 2027 03:14:00.000,100.000000,74.486
26 May 2027 03:15:00.000,100.000000,74.485
26 May 2027 03:16:00.000,100.000000,74.484
26 May 2027 03:17:00.000,100.000000,74.483
26 May 2027 03:18:00.000,100.000000,74.481
26 May 2027 03:19:00.000,100.000000,74.480
26 May 2027 03:20:00.000,100.000000,74.479
26 May 2027 03:21:00.000,100.000000,74.478
26 May 2027 03:22:00.000,100.000000,74.476
26 May 2027 03:23:00.000,100.000000,74.475
26 May 2027 03:24:00.000,100.000000,74.474
26 May 2027 03:25:00.000,100.000000,74.473
26 May 2027 03:26:00.000,100.000000,74.472
26 May 2027 03:27:00.000,100.000000,74.470
26 May 2027 03:28:00.000,100.000000,74.469
26 May 2027 03:29:00.000,100.000000,74.468
26 May 2027 03:30:00.000,100.000000,74.467
26 May 2027 03:31:00.000,100.000000,74.465
26 May 2027 03:32:00.000,100.000000,74.464
26 May 2027 03:33:00.000,100.000000,74.463
26 May 2027 03:34:00.000,100.000000,74.462
26 May 2027 03:35:00.000,100.000000,74.460
26 May 2027 03:36:00.000,100.000000,74.459
26 May 2027 03:37:00.000,100.000000,74.458
26 May 2027 03:38:00.000,100.000000,74.457
26 May 2027 03:39:00.000,100.000000,74.455
26 May 2027 03:40:00.000,100.000000,74.454
26 May 2027 03:41:00.000,100.000000,74.453
26 May 2027 03:42:00.000,100.000000,74.452
26 May 2027 03:43:00.000,100.000000,74.450
26 May 2027 03:44:00.000,100.000000,74.449
26 May 2027 03:45:00.000,100.000000,74.448
26 May 2027 03:46:00.000,100.000000,74.447
26 May 2027 03:47:00.000,100.000000,74.446
26 May 2027 03:48:00.000,100.000000,74.444
26 May 2027 03:49:00.000,100.000000,74.443
26 May 2027 03:50:00.000,100.000000,74.442
26 May 2027 03:51:00.000,100.000000,74.441
26 May 2027 03:52:00.000,100.000000,74.439
26 May 2027 03:53:00.000,100.000000,74.438
26 May 2027 03:54:00.000,100.000000,74.437
26 May 2027 03:55:00.000,100.000000,74.436
26 May 2027 03:56:00.000,100.000000,74.434
26 May 2027 03:57:00.000,100.000000,74.433
26 May 2027 03:58:00.000,100.000000,74.432
26 May 2027 03:59:00.000,100.000000,74.431
26 May 2027 04:00:00.000,100.000000,74.429
26 May 2027 04:01:00.000,100.000000,74.428
26 May 2027 04:02:00.000,100.000000,74.427
26 May 2027 04:03:00.000,100.000000,74.426
26 May 2027 04:04:00.000,100.000000,74.424
26 May 2027 04:05:00.000,100.000000,74.423
26 May 2027 04:06:00.000,100.000000,74.422
26 May 2027 04:07:00.000,100.000000,74.421
26 May 2027 04:08:00.000,100.000000,74.419
26 May 2027 04:09:00.000,100.000000,74.418
26 May 2027 04:10:00.000,100.000000,74.417
26 May 2027 04:11:00.000,100.000000,74.415
26 May 2027 04:12:00.000,100.000000,74.414
26 May 2027 04:13:00.000,100.000000,74.413
26 May 2027 04:14:00.000,100.000000,74.412
26 May 2027 04:15:00.000,100.000000,74.410
26 May 2027 04:16:00.000,100.000000,74.409
26 May 2027 04:17:00.000,100.000000,74.408
26 May 2027 04:18:00.000,100.000000,74.407
26 May 2027 04:19:00.000,100.000000,74.405
26 May 2027 04:20:00.000,100.000000,74.404
26 May 2027 04:21:00.000,100.000000,74.403
26 May 2027 04:22:00.000,100.000000,74.402
26 May 2027 04:23:00.000,100.000000,74.400
26 May 2027 04:24:00.000,100.000000,74.399
26 May 2027 04:25:00.000,100.000000,74.398
26 May 2027 04:26:00.000,100.000000,74.397
26 May 2027 04:27:00.000,100.000000,74.395
26 May 2027 04:28:00.000,100.000000,74.394
26 May 2027 04:29:00.000,100.000000,74.393
26 May 2027 04:30:00.000,100.000000,74.392
26 May 2027 04:31:00.000,100.000000,74.390
26 May 2027 04:32:00.000,100.000000,74.389
26 May 2027 04:33:00.000,100.000000,74.388
26 May 2027 04:34:00.000,100.000000,74.386
26 May 2027 04:35:00.000,100.000000,74.385
26 May 2027 04:36:00.000,100.000000,74.384
26 May 2027 04:37:00.000,100.000000,74.383
26 May 2027 04:38:00.000,100.000000,74.381
26 May 2027 04:39:00.000,100.000000,74.380
26 May 2027 04:40:00.000,100.000000,74.379
26 May 2027 04:41:00.000,100.000000,74.378
26 May 2027 04:42:00.000,100.000000,74.376
26 May 2027 04:43:00.000,100.000000,74.375
26 May 2027 04:44:00.000,100.000000,74.374
26 May 2027 04:45:00.000,100.000000,74.372
26 May 2027 04:46:00.000,100.000000,74.371
26 May 2027 04:47:00.000,100.000000,74.370
26 May 2027 04:48:00.000,100.000000,74.369
26 May 2027 04:49:00.000,100.000000,74.367
26 May 2027 04:50:00.000,100.000000,74.366
26 May 2027 04:51:00.000,100.000000,74.365
26 May 2027 04:52:00.000,100.000000,74.364
26 May 2027 04:53:00.000,100.000000,74.362
26 May 2027 04:54:00.000,100.000000,74.361
26 May 2027 04:55:00.000,100.000000,74.360
26 May 2027 04:56:00.000,100.000000,74.358
26 May 2027 04:57:00.000,100.000000,74.357
26 May 2027 04:58:00.000,100.000000,74.356
26 May 2027 04:59:00.000,100.000000,74.355
26 May 2027 05:00:00.000,100.000000,74.353
26 May 2027 05:01:00.000,100.000000,74.352
26 May 2027 05:02:00.000,100.000000,74.351
26 May 2027 05:03:00.000,100.000000,74.349
26 May 2027 05:04:00.000,100.000000,74.348
26 May 2027 05:05:00.000,100.000000,74.347
26 May 2027 05:06:00.000,100.000000,74.346
26 May 2027 05:07:00.000,100.000000,74.344
26 May 2027 05:08:00.000,100.000000,74.343
26 May 2027 05:09:00.000,100.000000,74.342
26 May 2027 05:10:00.000,100.000000,74.341
26 May 2027 05:11:00.000,100.000000,74.339
26 May 2027 05:12:00.000,100.000000,74.338
26 May 2027 05:13:00.000,100.000000,74.337
26 May 2027 05:14:00.000,100.000000,74.335
26 May 2027 05:15:00.000,100.000000,74.334
26 May 2027 05:16:00.000,100.000000,74.333
26 May 2027 05:17:00.000,100.000000,74.332
26 May 2027 05:18:00.000,100.000000,74.330
26 May 2027 05:19:00.000,100.000000,74.329
26 May 2027 05:20:00.000,100.000000,74.328
26 May 2027 05:21:00.000,100.000000,74.326
26 May 2027 05:22:00.000,100.000000,74.325
26 May 2027 05:23:00.000,100.000000,74.324
26 May 2027 05:24:00.000,100.000000,74.322
26 May 2027 05:25:00.000,100.000000,74.321
26 May 2027 05:26:00.000,100.000000,74.320
26 May 2027 05:27:00.000,100.000000,74.319
26 May 2027 05:28:00.000,100.000000,74.317
26 May 2027 05:29:00.000,100.000000,74.316
26 May 2027 05:30:00.000,100.000000,74.315
26 May 2027 05:31:00.000,100.000000,74.313
26 May 2027 05:32:00.000,100.000000,74.312
26 May 2027 05:33:00.000,100.000000,74.311
26 May 2027 05:34:00.000,100.000000,74.310
26 May 2027 05:35:00.000,100.000000,74.308
26 May 2027 05:36:00.000,100.000000,74.307
26 May 2027 05:37:00.000,100.000000,74.306
26 May 2027 05:38:00.000,100.000000,74.304
26 May 2027 05:39:00.000,100.000000,74.303
26 May 2027 05:40:00.000,100.000000,74.302
26 May 2027 05:41:00.000,100.000000,74.300
26 May 2027 05:42:00.000,100.000000,74.299
26 May 2027 05:43:00.000,100.000000,74.298
26 May 2027 05:44:00.000,100.000000,74.297
26 May 2027 05:45:00.000,100.000000,74.295
26 May 2027 05:46:00.000,100.000000,74.294
26 May 2027 05:47:00.000,100.000000,74.293
26 May 2027 05:48:00.000,100.000000,74.291
26 May 2027 05:49:00.000,100.000000,74.290
26 May 2027 05:50:00.000,100.000000,74.289
26 May 2027 05:51:00.000,100.000000,74.287
26 May 2027 05:52:00.000,100.000000,74.286
26 May 2027 05:53:00.000,100.000000,74.285
26 May 2027 05:54:00.000,100.000000,74.283
26 May 2027 05:55:00.000,100.000000,74.282
26 May 2027 05:56:00.000,100.000000,74.281
26 May 2027 05:57:00.000,100.000000,74.280
26 May 2027 05:58:00.000,100.000000,74.278
26 May 2027 05:59:00.000,100.000000,74.277
26 May 2027 06:00:00.000,100.000000,74.276
26 May 2027 06:01:00.000,100.000000,74.274
26 May 2027 06:02:00.000,100.000000,74.273
26 May 2027 06:03:00.000,100.000000,74.272
26 May 2027 06:04:00.000,100.000000,74.270
26 May 2027 06:05:00.000,100.000000,74.269
26 May 2027 06:06:00.000,100.000000,74.268
26 May 2027 06:07:00.000,100.000000,74.266
26 May 2027 06:08:00.000,100.000000,74.265
26 May 2027 06:09:00.000,100.000000,74.264
26 May 2027 06:10:00.000,100.000000,74.263
26 May 2027 06:11:00.000,100.000000,74.261
26 May 2027 06:12:00.000,100.000000,74.260
26 May 2027 06:13:00.000,100.000000,74.259
26 May 2027 06:14:00.000,100.000000,74.257
26 May 2027 06:15:00.000,100.000000,74.256
26 May 2027 06:16:00.000,100.000000,74.255
26 May 2027 06:17:00.000,100.000000,74.253
26 May 2027 06:18:00.000,100.000000,74.252
26 May 2027 06:19:00.000,100.000000,74.251
26 May 2027 06:20:00.000,100.000000,74.249
26 May 2027 06:21:00.000,100.000000,74.248
26 May 2027 06:22:00.000,100.000000,74.247
26 May 2027 06:23:00.000,100.000000,74.245
26 May 2027 06:24:00.000,100.000000,74.244
26 May 2027 06:25:00.000,100.000000,74.243
26 May 2027 06:26:00.000,100.000000,74.241
26 May 2027 06:27:00.000,100.000000,74.240
26 May 2027 06:28:00.000,100.000000,74.239
26 May 2027 06:29:00.000,100.000000,74.237
26 May 2027 06:30:00.000,100.000000,74.236
26 May 2027 06:31:00.000,100.000000,74.235
26 May 2027 06:32:00.000,100.000000,74.234
26 May 2027 06:33:00.000,100.000000,74.232
26 May 2027 06:34:00.000,100.000000,74.231
26 May 2027 06:35:00.000,100.000000,74.230
26 May 2027 06:36:00.000,100.000000,74.228
26 May 2027 06:37:00.000,100.000000,74.227
26 May 2027 06:38:00.000,100.000000,74.226
26 May 2027 06:39:00.000,100.000000,74.224
26 May 2027 06:40:00.000,100.000000,74.223
26 May 2027 06:41:00.000,100.000000,74.222
26 May 2027 06:42:00.000,100.000000,74.220
26 May 2027 06:43:00.000,100.000000,74.219
26 May 2027 06:44:00.000,100.000000,74.218
26 May 2027 06:45:00.000,100.000000,74.216
26 May 2027 06:46:00.000,100.000000,74.215
26 May 2027 06:47:00.000,100.000000,74.214
26 May 2027 06:48:00.000,100.000000,74.212
26 May 2027 06:49:00.000,100.000000,74.211
26 May 2027 06:50:00.000,100.000000,74.210
26 May 2027 06:51:00.000,100.000000,74.208
26 May 2027 06:52:00.000,100.000000,74.207
26 May 2027 06:53:00.000,100.000000,74.206
26 May 2027 06:54:00.000,100.000000,74.204
26 May 2027 06:55:00.000,100.000000,74.203
26 May 2027 06:56:00.000,100.000000,74.202
26 May 2027 06:57:00.000,100.000000,74.200
26 May 2027 06:58:00.000,100.000000,74.199
26 May 2027 06:59:00.000,100.000000,74.198
26 May 2027 07:00:00.000,100.000000,74.196
26 May 2027 07:01:00.000,100.000000,74.195
26 May 2027 07:02:00.000,100.000000,74.194
26 May 2027 07:03:00.000,100.000000,74.192
26 May 2027 07:04:00.000,100.000000,74.191
26 May 2027 07:05:00.000,100.000000,74.190
26 May 2027 07:06:00.000,100.000000,74.188
26 May 2027 07:07:00.000,100.000000,74.187
26 May 2027 07:08:00.000,100.000000,74.186
26 May 2027 07:09:00.000,100.000000,74.184
26 May 2027 07:10:00.000,100.000000,74.183
26 May 2027 07:11:00.000,100.000000,74.181
26 May 2027 07:12:00.000,100.000000,74.180
26 May 2027 07:13:00.000,100.000000,74.179
26 May 2027 07:14:00.000,100.000000,74.177
26 May 2027 07:15:00.000,100.000000,74.176
26 May 2027 07:16:00.000,100.000000,74.175
26 May 2027 07:17:00.000,100.000000,74.173
26 May 2027 07:18:00.000,100.000000,74.172
26 May 2027 07:19:00.000,100.000000,74.171
26 May 2027 07:20:00.000,100.000000,74.169
26 May 2027 07:21:00.000,100.000000,74.168
26 May 2027 07:22:00.000,100.000000,74.167
26 May 2027 07:23:00.000,100.000000,74.165
26 May 2027 07:24:00.000,100.000000,74.164
26 May 2027 07:25:00.000,100.000000,74.163
26 May 2027 07:26:00.000,100.000000,74.161
26 May 2027 07:27:00.000,100.000000,74.160
26 May 2027 07:28:00.000,100.000000,74.159
26 May 2027 07:29:00.000,100.000000,74.157
26 May 2027 07:30:00.000,100.000000,74.156
26 May 2027 07:31:00.000,100.000000,74.155
26 May 2027 07:32:00.000,100.000000,74.153
26 May 2027 07:33:00.000,100.000000,74.152
26 May 2027 07:34:00.000,100.000000,74.150
26 May 2027 07:35:00.000,100.000000,74.149
26 May 2027 07:36:00.000,100.000000,74.148
26 May 2027 07:37:00.000,100.000000,74.146
26 May 2027 07:38:00.000,100.000000,74.145
26 May 2027 07:39:00.000,100.000000,74.144
26 May 2027 07:40:00.000,100.000000,74.142
26 May 2027 07:41:00.000,100.000000,74.141
26 May 2027 07:42:00.000,100.000000,74.140
26 May 2027 07:43:00.000,100.000000,74.138
26 May 2027 07:44:00.000,100.000000,74.137
26 May 2027 07:45:00.000,100.000000,74.136
26 May 2027 07:46:00.000,100.000000,74.134
26 May 2027 07:47:00.000,100.000000,74.133
26 May 2027 07:48:00.000,100.000000,74.131
26 May 2027 07:49:00.000,100.000000,74.130
26 May 2027 07:50:00.000,100.000000,74.129
26 May 2027 07:51:00.000,100.000000,74.127
26 May 2027 07:52:00.000,100.000000,74.126
26 May 2027 07:53:00.000,100.000000,74.125
26 May 2027 07:54:00.000,100.000000,74.123
26 May 2027 07:55:00.000,100.000000,74.122
26 May 2027 07:56:00.000,100.000000,74.121
26 May 2027 07:57:00.000,100.000000,74.119
26 May 2027 07:58:00.000,100.000000,74.118
26 May 2027 07:59:00.000,100.000000,74.116
26 May 2027 08:00:00.000,100.000000,74.115
26 May 2027 08:01:00.000,100.000000,74.114
26 May 2027 08:02:00.000,100.000000,74.112
26 May 2027 08:03:00.000,100.000000,74.111
26 May 2027 08:04:00.000,100.000000,74.110
26 May 2027 08:05:00.000,100.000000,74.108
26 May 2027 08:06:00.000,100.000000,74.107
26 May 2027 08:07:00.000,100.000000,74.106
26 May 2027 08:08:00.000,100.000000,74.104
26 May 2027 08:09:00.000,100.000000,74.103
26 May 2027 08:10:00.000,100.000000,74.101
26 May 2027 08:11:00.000,100.000000,74.100
26 May 2027 08:12:00.000,100.000000,74.099
26 May 2027 08:13:00.000,100.000000,74.097
26 May 2027 08:14:00.000,100.000000,74.096
26 May 2027 08:15:00.000,100.000000,74.095
26 May 2027 08:16:00.000,100.000000,74.093
26 May 2027 08:17:00.000,100.000000,74.092
26 May 2027 08:18:00.000,100.000000,74.090
26 May 2027 08:19:00.000,100.000000,74.089
26 May 2027 08:20:00.000,100.000000,74.088
26 May 2027 08:21:00.000,100.000000,74.086
26 May 2027 08:22:00.000,100.000000,74.085
26 May 2027 08:23:00.000,100.000000,74.084
26 May 2027 08:24:00.000,100.000000,74.082
26 May 2027 08:25:00.000,100.000000,74.081
26 May 2027 08:26:00.000,100.000000,74.079
26 May 2027 08:27:00.000,100.000000,74.078
26 May 2027 08:28:00.000,100.000000,74.077
26 May 2027 08:29:00.000,100.000000,74.075
26 May 2027 08:30:00.000,100.000000,74.074
26 May 2027 08:31:00.000,100.000000,74.073
26 May 2027 08:32:00.000,100.000000,74.071
26 May 2027 08:33:00.000,100.000000,74.070
26 May 2027 08:34:00.000,100.000000,74.068
26 May 2027 08:35:00.000,100.000000,74.067
26 May 2027 08:36:00.000,100.000000,74.066
26 May 2027 08:37:00.000,100.000000,74.064
26 May 2027 08:38:00.000,100.000000,74.063
26 May 2027 08:39:00.000,100.000000,74.061
26 May 2027 08:40:00.000,100.000000,74.060
26 May 2027 08:41:00.000,100.000000,74.059
26 May 2027 08:42:00.000,100.000000,74.057
26 May 2027 08:43:00.000,100.000000,74.056
26 May 2027 08:44:00.000,100.000000,74.055
26 May 2027 08:45:00.000,100.000000,74.053
26 May 2027 08:46:00.000,100.000000,74.052
26 May 2027 08:47:00.000,100.000000,74.050
26 May 2027 08:48:00.000,100.000000,74.049
26 May 2027 08:49:00.000,100.000000,74.048
26 May 2027 08:50:00.000,100.000000,74.046
26 May 2027 08:51:00.000,100.000000,74.045
26 May 2027 08:52:00.000,100.000000,74.043
26 May 2027 08:53:00.000,100.000000,74.042
26 May 2027 08:54:00.000,100.000000,74.041
26 May 2027 08:55:00.000,100.000000,74.039
26 May 2027 08:56:00.000,100.000000,74.038
26 May 2027 08:57:00.000,100.000000,74.037
26 May 2027 08:58:00.000,100.000000,74.035
26 May 2027 08:59:00.000,100.000000,74.034
26 May 2027 09:00:00.000,100.000000,74.032
26 May 2027 09:01:00.000,100.000000,74.031
26 May 2027 09:02:00.000,100.000000,74.030
26 May 2027 09:03:00.000,100.000000,74.028
26 May 2027 09:04:00.000,100.000000,74.027
26 May 2027 09:05:00.000,100.000000,74.025
26 May 2027 09:06:00.000,100.000000,74.024
26 May 2027 09:07:00.000,100.000000,74.023
26 May 2027 09:08:00.000,100.000000,74.021
26 May 2027 09:09:00.000,100.000000,74.020
26 May 2027 09:10:00.000,100.000000,74.018
26 May 2027 09:11:00.000,100.000000,74.017
26 May 2027 09:12:00.000,100.000000,74.016
26 May 2027 09:13:00.000,100.000000,74.014
26 May 2027 09:14:00.000,100.000000,74.013
26 May 2027 09:15:00.000,100.000000,74.011
26 May 2027 09:16:00.000,100.000000,74.010
26 May 2027 09:17:00.000,100.000000,74.009
26 May 2027 09:18:00.000,100.000000,74.007
26 May 2027 09:19:00.000,100.000000,74.006
26 May 2027 09:20:00.000,100.000000,74.004
26 May 2027 09:21:00.000,100.000000,74.003
26 May 2027 09:22:00.000,100.000000,74.002
26 May 2027 09:23:00.000,100.000000,74.000
26 May 2027 09:24:00.000,100.000000,73.999
26 May 2027 09:25:00.000,100.000000,73.997
26 May 2027 09:26:00.000,100.000000,73.996
26 May 2027 09:27:00.000,100.000000,73.995
26 May 2027 09:28:00.000,100.000000,73.993
26 May 2027 09:29:00.000,100.000000,73.992
26 May 2027 09:30:00.000,100.000000,73.990
26 May 2027 09:31:00.000,100.000000,73.989
26 May 2027 09:32:00.000,100.000000,73.988
26 May 2027 09:33:00.000,100.000000,73.986
26 May 2027 09:34:00.000,100.000000,73.985
26 May 2027 09:35:00.000,100.000000,73.983
26 May 2027 09:36:00.000,100.000000,73.982
26 May 2027 09:37:00.000,100.000000,73.980
26 May 2027 09:38:00.000,100.000000,73.979
26 May 2027 09:39:00.000,100.000000,73.978
26 May 2027 09:40:00.000,100.000000,73.976
26 May 2027 09:41:00.000,100.000000,73.975
26 May 2027 09:42:00.000,100.000000,73.973
26 May 2027 09:43:00.000,100.000000,73.972
26 May 2027 09:44:00.000,100.000000,73.971
26 May 2027 09:45:00.000,100.000000,73.969
26 May 2027 09:46:00.000,100.000000,73.968
26 May 2027 09:47:00.000,100.000000,73.966
26 May 2027 09:48:00.000,100.000000,73.965
26 May 2027 09:49:00.000,100.000000,73.963
26 May 2027 09:50:00.000,100.000000,73.962
26 May 2027 09:51:00.000,100.000000,73.961
26 May 2027 09:52:00.000,100.000000,73.959
26 May 2027 09:53:00.000,100.000000,73.958
26 May 2027 09:54:00.000,100.000000,73.956
26 May 2027 09:55:00.000,100.000000,73.955
26 May 2027 09:56:00.000,100.000000,73.954
26 May 2027 09:57:00.000,100.000000,73.952
26 May 2027 09:58:00.000,100.000000,73.951
26 May 2027 09:59:00.000,100.000000,73.949
26 May 2027 10:00:00.000,100.000000,73.948


"Temperature (K)","Solar Flux (dBW/m^2)"
306.693,31.228765
306.693,31.228758
306.693,31.228752
306.693,31.228746
306.693,31.228740
306.693,31.228735
306.693,31.228730
306.693,31.228726
306.693,31.228722
306.693,31.228718
306.693,31.228715
306.693,31.228712
306.693,31.228710
306.693,31.228708
306.693,31.228707
306.693,31.228706
306.693,31.228705
306.693,31.228706
306.693,31.228706
306.693,31.228707
306.693,31.228708
306.693,31.228710
306.693,31.228713
306.693,31.228715
306.693,31.228718
306.693,31.228722
306.693,31.228725
306.693,31.228730
306.693,31.228734
306.693,31.228739
306.693,31.228744
307.419,31.228749
307.567,31.228754
307.738,31.228760
307.920,31.228766
308.105,31.228772
308.289,31.228778
308.470,31.228784
308.648,31.228790
308.823,31.228797
309.150,31.228803
309.307,31.228809
309.455,31.228815
309.596,31.228821
309.860,31.228827
309.970,31.228833
310.195,31.228838
310.273,31.228844
310.454,31.228849
310.499,31.228854
310.636,31.228858
310.752,31.228862
310.742,31.228866
310.812,31.228870
310.861,31.228873
310.888,31.228876
310.893,31.228878
310.877,31.228880
310.838,31.228882
310.777,31.228883
310.695,31.228884
310.692,31.228884
310.565,31.228884
310.417,31.228883
310.359,31.228882
310.167,31.228881
310.076,31.228879
309.977,31.228876
309.719,31.228873
309.588,31.228870
309.448,31.228866
309.137,31.228862
308.971,31.228857
308.799,31.228852
308.621,31.228846
308.434,31.228841
308.123,31.228834
307.953,31.228828
307.789,31.228821
307.630,31.228814
307.481,31.228807
306.694,31.228799
306.694,31.228791
306.694,31.228783
306.693,31.228775
306.693,31.228767
306.693,31.228758
306.693,31.228750
306.693,31.228742
306.693,31.228733
306.693,31.228725
306.693,31.228716
306.693,31.228708
306.693,31.228700
306.692,31.228692
306.692,31.228684
306.692,31.228676
306.692,31.228669
306.692,31.228661
306.692,31.228654
306.692,31.228648
306.692,31.228641
306.692,31.228635
306.692,31.228630
306.692,31.228624
306.691,31.228619
306.691,31.228615
306.691,31.228611
306.691,31.228607
306.691,31.228604
306.691,31.228601
306.691,31.228599
306.691,31.228597
306.691,31.228596
306.691,31.228595
306.691,31.228594
306.691,31.228594
306.691,31.228595
306.691,31.228596
306.691,31.228597
306.691,31.228599
306.691,31.228601
306.691,31.228604
306.691,31.228607
306.691,31.228610
306.691,31.228614
306.691,31.228618
306.691,31.228623
306.691,31.228628
306.691,31.228633
306.691,31.228638
307.554,31.228643
307.723,31.228649
307.904,31.228655
308.088,31.228661
308.272,31.228667
308.455,31.228673
308.635,31.228679
308.811,31.228686
309.140,31.228692
309.300,31.228698
309.451,31.228704
309.594,31.228710
309.861,31.228716
309.973,31.228722
310.201,31.228728
310.280,31.228733
310.464,31.228738
310.511,31.228743
310.650,31.228748
310.768,31.228752
310.759,31.228756
310.832,31.228760
310.883,31.228763
310.912,31.228766
310.918,31.228768
310.903,31.228770
310.866,31.228772
310.806,31.228773
310.725,31.228774
310.724,31.228774
310.598,31.228774
310.451,31.228774
310.394,31.228772
310.202,31.228771
310.113,31.228769
309.879,31.228766
309.757,31.228763
309.627,31.228760
309.333,31.228756
309.174,31.228752
309.008,31.228747
308.835,31.228742
308.655,31.228737
308.325,31.228731
308.148,31.228725
307.975,31.228718
307.806,31.228711
307.643,31.228704
307.490,31.228697
306.692,31.228689
306.692,31.228681
306.692,31.228673
306.692,31.228665
306.692,31.228657
306.692,31.228649
306.692,31.228640
306.691,31.228632
306.691,31.228623
306.691,31.228615
306.691,31.228606
306.691,31.228598
306.691,31.228590
306.691,31.228582
306.691,31.228574
306.691,31.228566
306.691,31.228558
306.690,31.228551
306.690,31.228544
306.690,31.228537
306.690,31.228531
306.690,31.228525
306.690,31.228519
306.690,31.228514
306.690,31.228509
306.690,31.228504
306.690,31.228500
306.690,31.228496
306.690,31.228493
306.690,31.228490
306.690,31.228488
306.690,31.228486
306.690,31.228485
306.690,31.228484
306.689,31.228483
306.689,31.228483
306.689,31.228484
306.689,31.228485
306.689,31.228486
306.690,31.228488
306.690,31.228490
306.690,31.228493
306.690,31.228496
306.690,31.228499
306.690,31.228503
306.690,31.228507
306.690,31.228512
306.690,31.228516
306.690,31.228522
306.690,31.228527
307.542,31.228532
307.709,31.228538
307.888,31.228544
308.072,31.228550
308.257,31.228556
308.441,31.228562
308.622,31.228568
308.801,31.228575
309.133,31.228581
309.294,31.228587
309.448,31.228594
309.594,31.228600
309.864,31.228606
309.978,31.228611
310.208,31.228617
310.290,31.228623
310.476,31.228628
310.525,31.228633
310.666,31.228637
310.683,31.228642
310.779,31.228646
310.854,31.228649
310.906,31.228653
310.937,31.228656
310.945,31.228658
310.931,31.228660
310.895,31.228662
310.837,31.228663
310.757,31.228664
310.758,31.228665
310.633,31.228664
310.486,31.228664
310.431,31.228663
310.240,31.228661
310.151,31.228659
309.917,31.228657
309.796,31.228654
309.666,31.228651
309.371,31.228647
309.212,31.228642
309.046,31.228638
308.871,31.228633
308.689,31.228627
308.354,31.228621
308.175,31.228615
307.997,31.228609
307.823,31.228602
307.656,31.228595
307.499,31.228587
306.691,31.228580
306.691,31.228572
306.690,31.228564
306.690,31.228556
306.690,31.228547
306.690,31.228539
306.690,31.228530
306.690,31.228522
306.690,31.228513
306.690,31.228505
306.690,31.228496
306.690,31.228488
306.689,31.228480
306.689,31.228472
306.689,31.228464
306.689,31.228456
306.689,31.228448
306.689,31.228441
306.689,31.228434
306.689,31.228427
306.689,31.228421
306.689,31.228414
306.688,31.228409
306.688,31.228403
306.688,31.228398
306.688,31.228394
306.688,31.228389
306.688,31.228386
306.688,31.228382
306.688,31.228380
306.688,31.228377
306.688,31.228375
306.688,31.228374
306.688,31.228373
306.688,31.228373
306.688,31.228373
306.688,31.228373
306.688,31.228374
306.688,31.228375
306.688,31.228377
306.688,31.228379
306.688,31.228382
306.688,31.228385
306.688,31.228388
306.688,31.228392
306.688,31.228396
306.688,31.228401
306.688,31.228406
306.688,31.228411
306.688,31.228416
307.531,31.228421
307.696,31.228427
307.874,31.228433
308.058,31.228439
308.243,31.228445
308.428,31.228451
308.612,31.228458
308.954,31.228464
309.127,31.228470
309.292,31.228477
309.448,31.228483
309.596,31.228489
309.869,31.228495
309.986,31.228501
310.218,31.228507
310.302,31.228512
310.491,31.228517
310.542,31.228522
310.685,31.228527
310.703,31.228532
310.801,31.228536
310.878,31.228539
310.932,31.228543
310.964,31.228546
310.974,31.228548
310.961,31.228551
310.927,31.228552
310.870,31.228554
310.791,31.228555
310.690,31.228555
310.669,31.228555
310.523,31.228554
310.469,31.228553
310.278,31.228552
310.191,31.228550
309.956,31.228547
309.835,31.228544
309.706,31.228541
309.410,31.228537
309.251,31.228533
309.083,31.228528
308.908,31.228523
308.568,31.228518
308.384,31.228512
308.201,31.228506
308.019,31.228499
307.840,31.228493
307.668,31.228485
307.508,31.228478
306.689,31.228470
306.689,31.228462
306.689,31.228454
306.689,31.228446
306.689,31.228438
306.689,31.228429
306.689,31.228421
306.688,31.228412
306.688,31.228404
306.688,31.228395
306.688,31.228387
306.688,31.228378
306.688,31.228370
306.688,31.228362
306.688,31.228354
306.688,31.228346
306.687,31.228338
306.687,31.228331
306.687,31.228324
306.687,31.228317
306.687,31.228310
306.687,31.228304
306.687,31.228298
306.687,31.228293
306.687,31.228288
306.687,31.228283
306.687,31.228279
306.687,31.228275
306.687,31.228272
306.687,31.228269
306.686,31.228267
306.686,31.228265
306.686,31.228263
306.686,31.228262
306.686,31.228262
306.686,31.228262
306.686,31.228262
306.686,31.228263
306.686,31.228264
306.686,31.228266
306.686,31.228268
306.686,31.228271
306.686,31.228274
306.686,31.228277
306.687,31.228281
306.687,31.228285
306.687,31.228290
306.687,31.228295
306.687,31.228300
306.687,31.228305
307.520,31.228311
307.684,31.228316
307.861,31.228322
308.045,31.228328
308.231,31.228335
308.418,31.228341
308.604,31.228347
308.947,31.228354
309.123,31.228360
309.291,31.228366
309.450,31.228373
309.601,31.228379
309.876,31.228385
309.996,31.228391
310.231,31.228397
310.317,31.228402
310.508,31.228407
310.560,31.228412
310.706,31.228417
310.726,31.228422
310.826,31.228426
310.904,31.228430
310.959,31.228433
310.993,31.228436
311.004,31.228439
310.993,31.228441
310.960,31.228443
310.904,31.228444
310.826,31.228445
310.726,31.228445
310.706,31.228445
310.561,31.228445
310.508,31.228444
310.317,31.228442
310.231,31.228441
309.996,31.228438
309.876,31.228435
309.601,31.228432
309.449,31.228428
309.290,31.228424
309.122,31.228419
308.945,31.228414
308.601,31.228409
308.414,31.228403
308.227,31.228397
308.041,31.228390
307.857,31.228383
307.681,31.228376
307.517,31.228369
306.688,31.228361
306.687,31.228353
306.687,31.228345
306.687,31.228337
306.687,31.228328
306.687,31.228320
306.687,31.228311
306.687,31.228303
306.687,31.228294
306.687,31.228286
306.687,31.228277
306.686,31.228268
306.686,31.228260
306.686,31.228252
306.686,31.228244
306.686,31.228236
306.686,31.228228
306.686,31.228221
306.686,31.228214
306.686,31.228207
306.686,31.228200
306.685,31.228194
306.685,31.228188
306.685,31.228183
306.685,31.228177
306.685,31.228173
306.685,31.228168
306.685,31.228165
306.685,31.228161
306.685,31.228158
306.685,31.228156
306.685,31.228154
306.685,31.228153
306.685,31.228152
306.685,31.228151
306.685,31.228151
306.685,31.228151
306.685,31.228152
306.685,31.228154
306.685,31.228155
306.685,31.228158
306.685,31.228160
306.685,31.228163
306.685,31.228167
306.685,31.228170
306.685,31.228175
306.685,31.228179
306.685,31.228184
306.685,31.228189
306.685,31.228194
307.510,31.228200
307.673,31.228206
307.849,31.228212
308.033,31.228218
308.220,31.228224
308.409,31.228230
308.597,31.228237
308.943,31.228243
309.122,31.228250
309.292,31.228256
309.454,31.228262
309.608,31.228269
309.886,31.228275
310.008,31.228281
310.245,31.228287
310.333,31.228292
310.412,31.228298
310.581,31.228303
310.729,31.228307
310.750,31.228312
310.852,31.228316
310.932,31.228320
310.989,31.228324
311.024,31.228327
311.037,31.228329
311.027,31.228332
310.995,31.228333
310.940,31.228335
310.863,31.228336
310.764,31.228336
310.745,31.228336
310.600,31.228336
310.434,31.228335
310.358,31.228333
310.147,31.228331
310.037,31.228329
309.917,31.228326
309.641,31.228323
309.489,31.228319
309.329,31.228315
309.160,31.228310
308.821,31.228305
308.634,31.228300
308.444,31.228294
308.253,31.228288
308.063,31.228281
307.874,31.228274
307.693,31.228267
307.525,31.228260
306.686,31.228252
306.686,31.228244
306.686,31.228236
306.686,31.228228
306.686,31.228219
306.686,31.228211
306.685,31.228202
306.685,31.228193
306.685,31.228185
306.685,31.228176
306.685,31.228167
306.685,31.228159
306.685,31.228150
306.685,31.228142
306.685,31.228134
306.684,31.228126
306.684,31.228118
306.684,31.228111
306.684,31.228104
306.684,31.228097
306.684,31.228090
306.684,31.228084
306.684,31.228078
306.684,31.228072
306.684,31.228067
306.684,31.228062
306.684,31.228058
306.684,31.228054
306.683,31.228051
306.683,31.228048
306.683,31.228045
306.683,31.228043
306.683,31.228042
306.683,31.228041
306.683,31.228040
306.683,31.228040
306.683,31.228041
306.683,31.228042
306.683,31.228043
306.683,31.228045
306.683,31.228047
306.683,31.228050
306.683,31.228053
306.683,31.228056
306.683,31.228060
306.683,31.228064
306.684,31.228069
306.684,31.228073
306.684,31.228078
306.684,31.228084
307.500,31.228089
307.663,31.228095
307.839,31.228101
308.022,31.228107
308.211,31.228114
308.401,31.228120
308.592,31.228126
308.941,31.228133
309.123,31.228139
309.296,31.228146
309.461,31.228152
309.617,31.228159
309.898,31.228165
310.022,31.228171
310.137,31.228177
310.353,31.228182
310.433,31.228188
310.604,31.228193
310.754,31.228198
310.777,31.228202
310.880,31.228207
310.962,31.228211
311.021,31.228214
310.965,31.228217
310.979,31.228220
310.970,31.228222
311.031,31.228224
310.978,31.228226
310.901,31.228227
310.803,31.228227
310.682,31.228227
310.641,31.228227
310.475,31.228226
310.399,31.228224
310.188,31.228222
310.079,31.228220
309.959,31.228217
309.682,31.228214
309.530,31.228210
309.369,31.228206
309.199,31.228201
308.856,31.228196
308.667,31.228191
308.474,31.228185
308.280,31.228179
308.084,31.228172
307.891,31.228165
307.705,31.228158
307.533,31.228151
306.685,31.228143
306.684,31.228135
306.684,31.228127
306.684,31.228118
306.684,31.228110
306.684,31.228101
306.684,31.228093
306.684,31.228084
306.684,31.228075
306.684,31.228067
306.683,31.228058
306.683,31.228049
306.683,31.228041
306.683,31.228032
306.683,31.228024
306.683,31.228016
306.683,31.228008
306.683,31.228001
306.683,31.227994
306.683,31.227987
306.682,31.227980
306.682,31.227974
306.682,31.227968
306.682,31.227962
306.682,31.227957
306.682,31.227952
306.682,31.227948
306.682,31.227944
306.682,31.227940
306.682,31.227938
306.682,31.227935
306.682,31.227933
306.682,31.227931
306.682,31.227930
306.682,31.227930
306.682,31.227930
306.682,31.227930
306.682,31.227931
306.682,31.227932
306.682,31.227934
306.682,31.227936
306.682,31.227939
306.682,31.227942
306.682,31.227945
306.682,31.227949
306.682,31.227953
306.682,31.227958
306.682,31.227963
306.682,31.227968
306.682,31.227973
307.491,31.227979
307.653,31.227985
307.829,31.227991
308.013,31.227997
308.203,31.228003
308.396,31.228010
308.589,31.228016
308.941,31.228023
309.126,31.228029
309.302,31.228036
309.470,31.228042
309.629,31.228049
309.912,31.228055
310.039,31.228061
310.156,31.228067
310.374,31.228073
310.457,31.228078
310.630,31.228083
310.678,31.228088
310.806,31.228093
310.911,31.228097
310.994,31.228101
310.962,31.228105
310.999,31.228108
311.014,31.228111
311.007,31.228113
310.977,31.228115
311.017,31.228117
310.941,31.228118
310.843,31.228118
310.723,31.228118
310.683,31.228118
310.517,31.228117
310.442,31.228116
310.230,31.228114
310.121,31.228111
309.866,31.228108
309.723,31.228105
309.571,31.228101
309.409,31.228097
309.077,31.228093
308.891,31.228087
308.700,31.228082
308.504,31.228076
308.306,31.228070
308.106,31.228063
307.908,31.228056
307.717,31.228049
307.541,31.228042
306.683,31.228034
306.683,31.228026
306.683,31.228018
306.683,31.228009
306.683,31.228001
306.682,31.227992
306.682,31.227984
306.682,31.227975
306.682,31.227966
306.682,31.227957
306.682,31.227949
306.682,31.227940
306.682,31.227931
306.682,31.227923
306.681,31.227915
306.681,31.227907
306.681,31.227899
306.681,31.227891
306.681,31.227884
306.681,31.227877
306.681,31.227870
306.681,31.227864
306.681,31.227858
306.681,31.227852
306.681,31.227847
306.681,31.227842
306.680,31.227838
306.680,31.227834
306.680,31.227830
306.680,31.227827
306.680,31.227825
306.680,31.227823
306.680,31.227821
306.680,31.227820
306.680,31.227819
306.680,31.227819
306.680,31.227820
306.680,31.227820
306.680,31.227822
306.680,31.227824
306.680,31.227826
306.680,31.227828
306.680,31.227832
306.680,31.227835
306.680,31.227839
306.680,31.227843
306.680,31.227848
306.680,31.227852
306.681,31.227858
306.681,31.227863
307.483,31.227869
307.645,31.227875
307.820,31.227881
308.006,31.227887
308.197,31.227893
308.392,31.227900
308.589,31.227906
308.944,31.227913
309.131,31.227920
309.311,31.227926
309.481,31.227933
309.643,31.227939
309.929,31.227945
310.058,31.227951
310.177,31.227957
310.398,31.227963
310.482,31.227969
310.657,31.227974
310.707,31.227979
310.837,31.227984
310.944,31.227988
311.028,31.227992
310.997,31.227996
311.036,31.227999
311.052,31.228002
311.045,31.228004
311.016,31.228006
310.965,31.228008
310.983,31.228009
310.885,31.228009
310.765,31.228010
310.726,31.228009
310.559,31.228008
310.485,31.228007
310.273,31.228005
310.164,31.228003
309.908,31.228000
309.765,31.227997
309.612,31.227993
309.450,31.227989
309.115,31.227984
308.927,31.227979
308.733,31.227973
308.534,31.227968
308.331,31.227961
308.127,31.227955
307.924,31.227948
307.728,31.227940
307.548,31.227933
306.681,31.227925
306.681,31.227917
306.681,31.227909
306.681,31.227900
306.681,31.227892
306.681,31.227883
306.681,31.227875
306.681,31.227866
306.681,31.227857
306.681,31.227848
306.680,31.227839
306.680,31.227831
306.680,31.227822
306.680,31.227814
306.680,31.227805
306.680,31.227797
306.680,31.227789
306.680,31.227781
306.680,31.227774
306.679,31.227767
306.679,31.227760
306.679,31.227754
306.679,31.227748
306.679,31.227742
306.679,31.227737
306.679,31.227732
306.679,31.227727
306.679,31.227724
306.679,31.227720
306.679,31.227717
306.679,31.227714
306.679,31.227712
306.679,31.227711
306.679,31.227710
306.679,31.227709
306.679,31.227709
306.679,31.227709
306.679,31.227710
306.679,31.227711
306.679,31.227713
306.679,31.227715
306.679,31.227718
306.679,31.227721
306.679,31.227725
306.679,31.227729
306.679,31.227733
306.679,31.227737
306.679,31.227742
306.679,31.227747
306.679,31.227753
307.475,31.227759
307.637,31.227765
307.813,31.227771
307.999,31.227777
308.193,31.227783
308.391,31.227790
308.590,31.227797
308.788,31.227803
309.139,31.227810
309.321,31.227816
309.495,31.227823
309.659,31.227830
309.949,31.227836
310.080,31.227842
310.201,31.227848
310.424,31.227854
310.510,31.227860
310.687,31.227865
310.739,31.227870
310.870,31.227875
310.978,31.227879
310.972,31.227883
311.034,31.227887
311.074,31.227890
311.091,31.227893
311.085,31.227896
311.057,31.227898
311.006,31.227899
311.025,31.227900
310.928,31.227901
310.808,31.227901
310.770,31.227901
310.603,31.227900
310.415,31.227898
310.317,31.227897
310.208,31.227894
309.950,31.227891
309.807,31.227888
309.653,31.227884
309.335,31.227880
309.152,31.227876
308.962,31.227870
308.765,31.227865
308.563,31.227859
308.357,31.227853
308.148,31.227846
307.940,31.227839
307.739,31.227832
307.555,31.227824
306.680,31.227816
306.680,31.227808
306.680,31.227800
306.680,31.227792
306.680,31.227783
306.679,31.227774
306.679,31.227766
306.679,31.227757
306.679,31.227748
306.679,31.227739
306.679,31.227730
306.679,31.227721
306.679,31.227713
306.679,31.227704
306.678,31.227696
306.678,31.227688
306.678,31.227680
306.678,31.227672
306.678,31.227664
306.678,31.227657
306.678,31.227650
306.678,31.227644
306.678,31.227638
306.678,31.227632
306.678,31.227627
306.677,31.227622
306.677,31.227617
306.677,31.227613
306.677,31.227610
306.677,31.227607
306.677,31.227604
306.677,31.227602
306.677,31.227601
306.677,31.227599
306.677,31.227599
306.677,31.227599
306.677,31.227599
306.677,31.227600
306.677,31.227601
306.677,31.227603
306.677,31.227605
306.677,31.227608
306.677,31.227611
306.677,31.227614
306.677,31.227618
306.677,31.227623
306.677,31.227627
306.677,31.227632
306.677,31.227637
306.677,31.227643
307.468,31.227649
307.630,31.227655
307.807,31.227661
307.995,31.227667
308.190,31.227674
308.391,31.227680
308.593,31.227687
308.794,31.227694
309.149,31.227700
309.335,31.227707
309.511,31.227714
309.678,31.227720
309.970,31.227727
310.104,31.227733
310.227,31.227739
310.452,31.227745
310.540,31.227751
310.719,31.227756
310.772,31.227761
310.905,31.227766
311.015,31.227770
311.009,31.227775
311.073,31.227778
311.114,31.227782
311.132,31.227785
311.127,31.227787
311.100,31.227789
311.049,31.227791
310.976,31.227792
310.972,31.227792
310.853,31.227793
310.711,31.227792
310.648,31.227791
310.459,31.227790
310.361,31.227788
310.127,31.227786
309.993,31.227783
309.849,31.227780
309.695,31.227776
309.374,31.227772
309.189,31.227767
308.997,31.227762
308.798,31.227757
308.592,31.227751
308.382,31.227744
308.168,31.227738
307.955,31.227731
307.749,31.227723
307.549,31.227716
307.402,31.227708
306.678,31.227700
306.678,31.227691
306.678,31.227683
306.678,31.227674
306.678,31.227666
306.678,31.227657
306.678,31.227648
306.678,31.227639
306.677,31.227630
306.677,31.227621
306.677,31.227612
306.677,31.227603
306.677,31.227595
306.677,31.227586
306.677,31.227578
306.677,31.227570
306.677,31.227562
306.676,31.227555
306.676,31.227548
306.676,31.227541
306.676,31.227534
306.676,31.227528
306.676,31.227522
306.676,31.227517
306.676,31.227512
306.676,31.227507
306.676,31.227503
306.676,31.227500
306.676,31.227497
306.676,31.227494
306.676,31.227492
306.676,31.227490
306.676,31.227489
306.676,31.227489
306.676,31.227488
306.676,31.227489
306.676,31.227490
306.676,31.227491
306.676,31.227493
306.676,31.227495
306.676,31.227498
306.676,31.227501
306.676,31.227504
306.676,31.227508
306.676,31.227513
306.676,31.227517
306.676,31.227522
306.676,31.227527
306.676,31.227533
307.462,31.227539
307.624,31.227545
307.802,31.227551
307.991,31.227558
308.189,31.227564
308.393,31.227571
308.598,31.227577
308.803,31.227584
309.162,31.227591
309.350,31.227598
309.529,31.227604
309.699,31.227611
309.858,31.227617
310.130,31.227624
310.255,31.227630
310.483,31.227636
310.572,31.227642
310.754,31.227647
310.808,31.227652
310.942,31.227657
310.961,31.227662
311.049,31.227666
311.113,31.227670
311.155,31.227673
311.174,31.227676
311.170,31.227679
311.143,31.227681
311.094,31.227682
311.021,31.227684
311.018,31.227684
310.898,31.227684
310.756,31.227684
310.693,31.227683
310.504,31.227682
310.406,31.227680
310.171,31.227678
310.037,31.227675
309.892,31.227672
309.590,31.227668
309.413,31.227664
309.227,31.227659
309.032,31.227654
308.830,31.227648
308.621,31.227642
308.406,31.227636
308.188,31.227629
307.970,31.227622
307.715,31.227615
307.555,31.227607
307.405,31.227599
306.677,31.227591
306.677,31.227583
306.677,31.227574
306.676,31.227566
306.676,31.227557
306.676,31.227548
306.676,31.227539
306.676,31.227530
306.676,31.227521
306.676,31.227512
306.676,31.227503
306.676,31.227494
306.675,31.227486
306.675,31.227477
306.675,31.227469
306.675,31.227461
306.675,31.227453
306.675,31.227445
306.675,31.227438
306.675,31.227431
306.675,31.227425
306.675,31.227418
306.674,31.227413
306.674,31.227407
306.674,31.227402
306.674,31.227398
306.674,31.227394
306.674,31.227390
306.674,31.227387
306.674,31.227384
306.674,31.227382
306.674,31.227380
306.674,31.227379
306.674,31.227379
306.674,31.227378
306.674,31.227379
306.674,31.227380
306.674,31.227381
306.674,31.227383
306.674,31.227385
306.674,31.227388
306.674,31.227391
306.674,31.227394
306.674,31.227398
306.674,31.227403
306.674,31.227407
306.674,31.227412
306.674,31.227418
306.674,31.227423
307.457,31.227429
307.619,31.227435
307.798,31.227442
307.989,31.227448
308.190,31.227455
308.397,31.227461
308.606,31.227468
308.814,31.227475
309.177,31.227482
309.368,31.227489
309.550,31.227495
309.722,31.227502
309.884,31.227508
310.159,31.227515
310.286,31.227521
310.402,31.227527
310.607,31.227533
310.687,31.227539
310.845,31.227544
310.981,31.227549
311.001,31.227553
311.090,31.227558
311.156,31.227561
311.198,31.227565
311.218,31.227568
311.215,31.227570
311.189,31.227573
311.139,31.227574
311.067,31.227575
310.971,31.227576
310.944,31.227576
310.802,31.227576
310.740,31.227575
310.550,31.227574
310.451,31.227572
310.215,31.227570
310.080,31.227567
309.935,31.227564
309.631,31.227560
309.452,31.227556
309.263,31.227551
309.066,31.227546
308.861,31.227540
308.649,31.227534
308.430,31.227528
308.090,31.227521
307.900,31.227514
307.723,31.227507
307.559,31.227499
307.408,31.227491
306.675,31.227483
306.675,31.227475
306.675,31.227466
306.675,31.227457
306.675,31.227448
306.675,31.227439
306.675,31.227430
306.674,31.227421
306.674,31.227412
306.674,31.227403
306.674,31.227394
306.674,31.227385
306.674,31.227377
306.674,31.227368
306.674,31.227360
306.674,31.227352
306.674,31.227344
306.673,31.227336
306.673,31.227329
306.673,31.227322
306.673,31.227315
306.673,31.227309
306.673,31.227303
306.673,31.227297
306.673,31.227292
306.673,31.227288
306.673,31.227284
306.673,31.227280
306.673,31.227277
306.673,31.227274
306.673,31.227272
306.672,31.227270
306.672,31.227269
306.672,31.227269
306.672,31.227268
306.672,31.227269
306.672,31.227270
306.672,31.227271
306.672,31.227273
306.672,31.227275
306.672,31.227278
306.673,31.227281
306.673,31.227285
306.673,31.227288
306.673,31.227293
306.673,31.227298
306.673,31.227303
306.673,31.227308
306.673,31.227314
307.452,31.227320
307.615,31.227326
307.795,31.227332
307.989,31.227339
308.193,31.227345
308.403,31.227352
308.615,31.227359
308.827,31.227366
309.194,31.227373
309.389,31.227380
309.574,31.227386
309.748,31.227393
309.913,31.227400
310.190,31.227406
310.319,31.227413
310.437,31.227419
310.644,31.227424
310.725,31.227430
310.885,31.227435
311.022,31.227440
311.043,31.227445
311.133,31.227449
311.200,31.227453
311.243,31.227457
311.264,31.227460
311.261,31.227462
311.235,31.227465
311.186,31.227466
311.114,31.227468
311.018,31.227468
310.992,31.227468
310.849,31.227468
310.683,31.227467
310.596,31.227466
310.497,31.227464
310.259,31.227462
310.124,31.227459
309.842,31.227456
309.671,31.227452
309.490,31.227448
309.300,31.227443
309.100,31.227438
308.892,31.227432
308.676,31.227426
308.311,31.227420
308.107,31.227413
307.912,31.227406
307.731,31.227399
307.564,31.227391
307.410,31.227383
306.674,31.227375
306.674,31.227366
306.674,31.227358
306.673,31.227349
306.673,31.227340
306.673,31.227331
306.673,31.227322
306.673,31.227313
306.673,31.227303
306.673,31.227294
306.673,31.227285
306.673,31.227276
306.672,31.227268
306.672,31.227259
306.672,31.227251
306.672,31.227242
306.672,31.227234
306.672,31.227227
306.672,31.227219
306.672,31.227212
306.672,31.227206
306.672,31.227199
306.671,31.227193
306.671,31.227188
306.671,31.227183
306.671,31.227178
306.671,31.227174
306.671,31.227170
306.671,31.227167
306.671,31.227164
306.671,31.227162
306.671,31.227161
306.671,31.227159
306.671,31.227159
306.671,31.227159
306.671,31.227159
306.671,31.227160
306.671,31.227161
306.671,31.227163
306.671,31.227165
306.671,31.227168
306.671,31.227171
306.671,31.227175
306.671,31.227179
306.671,31.227183
306.671,31.227188
306.671,31.227193
306.671,31.227199
306.671,31.227204
307.447,31.227210
307.612,31.227216
307.793,31.227223
307.990,31.227229
308.197,31.227236
308.411,31.227243
308.627,31.227250
308.843,31.227257
309.054,31.227264
309.412,31.227271
309.600,31.227278
309.777,31.227284
309.944,31.227291
310.224,31.227298
310.355,31.227304
310.474,31.227310
310.683,31.227316
310.765,31.227322
310.927,31.227327
310.973,31.227332
311.087,31.227337
311.178,31.227341
311.245,31.227345


"Angle (deg)"
103.411
103.742
104.017
104.235
104.395
104.496
104.538
104.519
104.441
104.304
104.108
103.855
103.545
103.180
102.761
102.291
101.772
101.206
100.596
99.943
99.252
98.524
97.763
96.973
96.155
95.314
94.452
93.574
92.682
91.779
90.870
89.958
89.045
88.136
87.234
86.343
85.465
84.605
83.764
82.948
82.159
81.400
80.674
79.985
79.335
78.727
78.163
77.647
77.180
76.765
76.404
76.097
75.848
75.656
75.523
75.449
75.435
75.481
75.587
75.752
75.975
76.256
76.592
76.983
77.427
77.921
78.463
79.051
79.683
80.356
81.066
81.811
82.588
83.393
84.224
85.077
85.949
86.836
87.736
88.644
89.557
90.472
91.385
92.293
93.193
94.080
94.953
95.806
96.638
97.444
98.221
98.967
99.678
100.351
100.983
101.573
102.116
102.610
103.055
103.446
103.783
104.064
104.288
104.453
104.558
104.604
104.591
104.517
104.383
104.191
103.940
103.633
103.270
102.853
102.385
101.867
101.302
100.691
100.039
99.347
98.618
97.856
97.064
96.244
95.401
94.537
93.655
92.760
91.854
90.941
90.024
89.107
88.194
87.287
86.390
85.507
84.641
83.796
82.973
82.178
81.413
80.681
79.986
79.330
78.715
78.146
77.624
77.151
76.730
76.362
76.050
75.795
75.598
75.460
75.382
75.364
75.405
75.507
75.669
75.889
76.167
76.501
76.890
77.332
77.825
78.366
78.954
79.586
80.259
80.970
81.716
82.495
83.302
84.136
84.991
85.866
86.757
87.660
88.572
89.489
90.409
91.327
92.240
93.144
94.037
94.915
95.774
96.612
97.424
98.207
98.959
99.676
100.356
100.994
101.590
102.139
102.640
103.090
103.487
103.830
104.117
104.346
104.516
104.626
104.677
104.667
104.597
104.467
104.278
104.030
103.725
103.364
102.949
102.482
101.965
101.400
100.790
100.137
99.444
98.714
97.950
97.156
96.334
95.488
94.621
93.736
92.837
91.927
91.009
90.088
89.167
88.248
87.336
86.434
85.546
84.674
83.822
82.994
82.193
81.422
80.684
79.982
79.319
78.699
78.123
77.594
77.115
76.688
76.315
75.998
75.737
75.535
75.392
75.309
75.286
75.324
75.422
75.581
75.798
76.073
76.405
76.792
77.233
77.725
78.267
78.855
79.487
80.161
80.873
81.621
82.402
83.211
84.047
84.906
85.784
86.679
87.586
88.502
89.424
90.348
91.271
92.189
93.100
93.998
94.882
95.747
96.590
97.408
98.198
98.957
99.680
100.366
101.011
101.613
102.168
102.675
103.131
103.535
103.883
104.175
104.409
104.585
104.700
104.755
104.749
104.683
104.556
104.370
104.125
103.822
103.463
103.049
102.583
102.066
101.501
100.890
100.236
99.542
98.811
98.045
97.249
96.424
95.575
94.704
93.815
92.912
91.998
91.076
90.150
89.223
88.300
87.382
86.474
85.580
84.702
83.844
83.010
82.202
81.425
80.680
79.972
79.303
78.676
78.094
77.559
77.074
76.641
76.262
75.939
75.673
75.465
75.318
75.230
75.203
75.238
75.332
75.487
75.702
75.975
76.306
76.691
77.131
77.623
78.164
78.753
79.386
80.061
80.775
81.525
82.307
83.120
83.959
84.821
85.703
86.602
87.513
88.434
89.361
90.290
91.218
92.142
93.058
93.963
94.853
95.724
96.574
97.398
98.194
98.959
99.689
100.382
101.033
101.641
102.203
102.717
103.179
103.588
103.942
104.240
104.479
104.659
104.779
104.838
104.837
104.774
104.650
104.467
104.224
103.923
103.565
103.152
102.687
102.170
101.605
100.993
100.338
99.642
98.909
98.141
97.341
96.514
95.661
94.786
93.894
92.986
92.067
91.141
90.209
89.277
88.348
87.425
86.511
85.610
84.726
83.862
83.021
82.207
81.423
80.672
79.957
79.281
78.647
78.059
77.518
77.027
76.588
76.203
75.874
75.603
75.390
75.238
75.146
75.115
75.146
75.237
75.390
75.602
75.873
76.202
76.587
77.026
77.518
78.059
78.648
79.283
79.959
80.675
81.427
82.213
83.029
83.871
84.737
85.623
86.526
87.442
88.368
89.300
90.235
91.169
92.099
93.021
93.932
94.828
95.705
96.562
97.393
98.196
98.967
99.704
100.403
101.061
101.676
102.244
102.764
103.232
103.647
104.007
104.310
104.555
104.740
104.864
104.927
104.929
104.870
104.749
104.568
104.327
104.028
103.671
103.259
102.794
102.277
101.711
101.098
100.441
99.744
99.008
98.237
97.435
96.603
95.747
94.868
93.971
93.059
92.135
91.203
90.266
89.328
88.393
87.463
86.543
85.636
84.746
83.875
83.027
82.206
81.415
80.657
79.936
79.253
78.613
78.018
77.471
76.973
76.528
76.137
75.803
75.527
75.309
75.152
75.056
75.022
75.049
75.137
75.287
75.497
75.767
76.094
76.479
76.918
77.409
77.951
78.542
79.178
79.856
80.574
81.329
82.118
82.937
83.784
84.654
85.545
86.452
87.373
88.304
89.242
90.183
91.123
92.059
92.987
93.904
94.807
95.691
96.555
97.393
98.202
98.981
99.724
100.430
101.095
101.717
102.291
102.817
103.292
103.713
104.078
104.387
104.636
104.826
104.955
105.022
105.027
104.971
104.853
104.674
104.435
104.137
103.781
103.369
102.903
102.386
101.819
101.205
100.546
99.846
99.108
98.334
97.528
96.692
95.832
94.948
94.046
93.129
92.200
91.262
90.320
89.376
88.434
87.498
86.572
85.658
84.761
83.883
83.028
82.201
81.403
80.638
79.909
79.220
78.573
77.971
77.417
76.914
76.463
76.066
75.726
75.445
75.223
75.061
74.961
74.923
74.947
75.033
75.180
75.388
75.656
75.983
76.367
76.806
77.298
77.841
78.433
79.071
79.752
80.473
81.231
82.023
82.846
83.697
84.572
85.467
86.380
87.306
88.243
89.187
90.134
91.080
92.022
92.957
93.881
94.791
95.682
96.552
97.398
98.214
99.000
99.750
100.463
101.135
101.763
102.344
102.877
103.357
103.784
104.155
104.469
104.723
104.917
105.050
105.121
105.130
105.077
104.961
104.784
104.547
104.249
103.894
103.482
103.016
102.498
101.929
101.313
100.652
99.950
99.208
98.431
97.621
96.781
95.916
95.028
94.120
93.198
92.263
91.319
90.370
89.420
88.472
87.529
86.596
85.675
84.771
83.886
83.024
82.189
81.384
80.612
79.877
79.181
78.527
77.919
77.358
76.848
76.391
75.989
75.644
75.357
75.130
74.965
74.861
74.819
74.840
74.923
75.068
75.275
75.542
75.868
76.252
76.692
77.185
77.729
78.323
78.963
79.646
80.370
81.132
81.928
82.756
83.611
84.491
85.391
86.310
87.242
88.185
89.135
90.088
91.041
91.990
92.932
93.863
94.779
95.678
96.555
97.408
98.232
99.024
99.782
100.502
101.181
101.815
102.403
102.942
103.429
103.862
104.238
104.557
104.816
105.015
105.152
105.226
105.238
105.188
105.074
104.899
104.662
104.366
104.011
103.599
103.132
102.612
102.041
101.423
100.760
100.054
99.309
98.527
97.713
96.869
95.999
95.105
94.193
93.264
92.323
91.373
90.418
89.461
88.506
87.556
86.616
85.688
84.776
83.884
83.015
82.173
81.360
80.581
79.839
79.135
78.475
77.860
77.293
76.777
76.314
75.906
75.555
75.264
75.032
74.862
74.755
74.710
74.728
74.809
74.952
75.158
75.424
75.750
76.134
76.574
77.069
77.615
78.211
78.853
79.540
80.268
81.033
81.834
82.666
83.526
84.411
85.317
86.241
87.180
88.129
89.085
90.045
91.005
91.961
92.910
93.849
94.773
95.679
96.563
97.423
98.255
99.055
99.820
100.547
101.232
101.874
102.469
103.014
103.506
103.945
104.327
104.651
104.915
105.118
105.259
105.337
105.351
105.303
105.191
105.018
104.782
104.486
104.130
103.718
103.250
102.728
102.156
101.535
100.868
100.159
99.410
98.624
97.805
96.956
96.080
95.182
94.263
93.328
92.381
91.424
90.462
89.498
88.536
87.579
86.631
85.696
84.777
83.877
83.001
82.151
81.331
80.544
79.794
79.084
78.417
77.795
77.222
76.699
76.230
75.817
75.461
75.165
74.929
74.755
74.644
74.596
74.611
74.690
74.832
75.037
75.303
75.629
76.013
76.454
76.950
77.499
78.097
78.743
79.433
80.164
80.934
81.739
82.576
83.442
84.333
85.245
86.175
87.120
88.076
89.039
90.006
90.973
91.937
92.894
93.839
94.771
95.685
96.577
97.444
98.283
99.091
99.863
100.597
101.290
101.938
102.540
103.091
103.590
104.034
104.422
104.750
105.019
105.226
105.371
105.452
105.469
105.423
105.313
105.140
104.905
104.609
104.253
103.840
103.370
102.846
102.271
101.648
100.978
100.264
99.511
98.721
97.897
97.042
96.161
95.256
94.331
93.390
92.435
91.472
90.503
89.532
88.562
87.598
86.642
85.699
84.772
83.865
82.981
82.123
81.296
80.502
79.745
79.027
78.353
77.724
77.144
76.616
76.141
75.722
75.361
75.060
74.820
74.642
74.527
74.477
74.490
74.567
74.708
74.912
75.177
75.504
75.889
76.332
76.830
77.381
77.982
78.631
79.325
80.061
80.835
81.646
82.488
83.359
84.256
85.175
86.112
87.063
88.026
88.997
89.971
90.946
91.917
92.881
93.835
94.774
95.695
96.596
97.471
98.318
99.133
99.912
100.654
101.354
102.009
102.617
103.175
103.680
104.129
104.522
104.856
105.129
105.340
105.488
105.572
105.592
105.548
105.439
105.267
105.032
104.736
104.379
103.964
103.493
102.967
102.389
101.761
101.088
100.370
99.612
98.817
97.987
97.127
96.240
95.328
94.397
93.449
92.487
91.517
90.540
89.561
88.584
87.612
86.649
85.698
84.763
83.848
82.956
82.090
81.255
80.453
79.689
78.964
78.282
77.647
77.061
76.526
76.045
75.621
75.255
74.949
74.705
74.524
74.406
74.353
74.364
74.439
74.579
74.783
75.049
75.376
75.763
76.207
76.707
77.261
77.866
78.519
79.217
79.957
80.737
81.553
82.401
83.278
84.181
85.107
86.050
87.009
87.980
88.957
89.939
90.922
91.901
92.873
93.835
94.782
95.712
96.620
97.503
98.357
99.180
99.968
100.716
101.423
102.086
102.700
103.264
103.775
104.231
104.629
104.967
105.244
105.459
105.610
105.697
105.719
105.677
105.569
105.398
105.163
104.866
104.508
104.091
103.617
103.088
102.507
101.876
101.198
100.476
99.713
98.912
98.077
97.211
96.317
95.399
94.460
93.505
92.536
91.558
90.573
89.587
88.602
87.621
86.650
85.691
84.748
83.825
82.925
82.051
81.208
80.399
79.627
78.895
78.206
77.564
76.971
76.430
75.944
75.514
75.143
74.833
74.585
74.400
74.280
74.224
74.233
74.308
74.447
74.650
74.917
75.245
75.633
76.080
76.583
77.140
77.749
78.406
79.108
79.854
80.639
81.461
82.315
83.199
84.109
85.041
85.992
86.958
87.936
88.922
89.912
90.902
91.890
92.870
93.840
94.795
95.733
96.649
97.541
98.403
99.234
100.029
100.785
101.499
102.168
102.789
103.360
103.877
104.338
104.741
105.084
105.365
105.583
105.738
105.827
105.851
105.810
105.703
105.532
105.297
104.999
104.639
104.220
103.744
103.212
102.627
101.992
101.309
100.582
99.814
99.007
98.165
97.293
96.392
95.467
94.521
93.558
92.582
91.595
90.603
89.608
88.615
87.626
86.647
85.679
84.728
83.796
82.888
82.007
81.156
80.339
79.559
78.819
78.124
77.475
76.876
76.329
75.837
75.402
75.026
74.712
74.460
74.272
74.148
74.090
74.098
74.172
74.311
74.514
74.782
75.111
75.502
75.951
76.457
77.018
77.630
78.292
79.000
79.751
80.542
81.369
82.230
83.121
84.038
84.978
85.936
86.911
87.896
88.890
89.888
90.887
91.883
92.872
93.850
94.814
95.760
96.685
97.584
98.455
99.293
100.096
100.860
101.581
102.257
102.885
103.461
103.984
104.451
104.859
105.206
105.491
105.713
105.870
105.962
105.988
105.948
105.841
105.670
105.434
105.135
104.773
104.352
103.872
103.337
102.748
102.108
101.420
100.688
99.914
99.101
98.253
97.373
96.465
95.532
94.579
93.608
92.624
91.629
90.629
89.625
88.623
87.626
86.638
85.662
84.702
83.762
82.846
81.956
81.097
80.272
79.485
78.738
78.035
77.380
76.774
76.221
75.723
75.283
74.903
74.584
74.329
74.138


